id,email,password,address,firstname,lastname,balance
0,sarah@gmail.com,Grr12,"8323 New Avenue, Derry, NH 03038",Ashley,Jones,556
1,dancer@gmail.com,iluv2eatic3,"8323 New Avenue, Derry, NH 03038",Mimi,Holland,615
2,spooky@gmail.com,YouWouldNotBelieveYour3y3s,"999 Greenrose Dr, Macomb, MI 48042",Alok,Johnson,998
3,frankenstein@gmail.com,LeggoMyEggo?,"65 Egg Roll Road, NY 11011",Adam,Watson,47
4,sarah@gmail.com,YesIamBen,"42 Wallaby Way, Sydney, Australia 13456",Simon,Jones,683
5,10millionfireflies@hotmail.com,Boo!IamGhost,"918 Pumpkin Hill Dr, Bensalem, PA 19020",Arthur,Holland,302
6,juice@gmail.com,YouWouldNotBelieveYour3y3s,"999 Greenrose Dr, Macomb, MI 48042",Simon,Johansson,356
7,adam@gmail.com,LeggoMyEggo?,"116 Allen Building, Durham, NC 27708",Rohin,Johnson,149
8,adam@gmail.com,YesIamBen,"918 Pumpkin Hill Dr, Bensalem, PA 19020",Ogadimma,Johnson,944
9,spooky@gmail.com,iluv2eatic3,"8323 New Avenue, Derry, NH 03038",Catherine,Jones,872
10,icecream@tastes.good,Grr12,"42 Wallaby Way, Sydney, Australia 13456",Mimi,Smith,108
11,juice@gmail.com,Boo!IamGhost,"55 Ice Cream Ave, New York, NY 11010",Alok,Crick,481
12,sarah@gmail.com,YouWouldNotBelieveYour3y3s,"65 Egg Roll Road, NY 11011",Sarah,Crick,46
13,sarah@gmail.com,YesIamBen,"999 Greenrose Dr, Macomb, MI 48042",Ashley,Khan,737
14,sarah@gmail.com,Boo!IamGhost,"999 Greenrose Dr, Macomb, MI 48042",Ogadimma,Johnson,910
15,adam@gmail.com,Grr12,"42 Wallaby Way, Sydney, Australia 13456",Catherine,Goldman,76
16,dancer@gmail.com,YesIamBen,"8323 New Avenue, Derry, NH 03038",Alok,Smith,128
17,icecream@tastes.good,LeggoMyEggo?,"918 Pumpkin Hill Dr, Bensalem, PA 19020",Ashley,Crick,419
18,notjunyang@yahoo.com,Boo!IamGhost,"999 Greenrose Dr, Macomb, MI 48042",Mimi,Johansson,221
19,icecream@tastes.good,Grr12,"999 Greenrose Dr, Macomb, MI 48042",Ashley,Holland,529
20,dancer@gmail.com,Boo!IamGhost,"42 Wallaby Way, Sydney, Australia 13456",Adam,Goldman,850
21,sarah@gmail.com,DirtyDancing22,"918 Pumpkin Hill Dr, Bensalem, PA 19020",Rohin,Crick,324
22,notjunyang@yahoo.com,DirtyDancing22,"42 Wallaby Way, Sydney, Australia 13456",Ashley,Smith,706
23,juice@gmail.com,happyhalloween,"42 Wallaby Way, Sydney, Australia 13456",Mimi,Coleman,157
24,icecream@tastes.good,LeggoMyEggo?,"65 Egg Roll Road, NY 11011",Sarah,Johansson,846
25,sarah@gmail.com,YouWouldNotBelieveYour3y3s,"450 Malibu St, Florida 21211",Simon,Khan,178
26,spooky@gmail.com,iluv2eatic3,"55 Ice Cream Ave, New York, NY 11010",Sarah,Jones,800
27,10millionfireflies@hotmail.com,YouWouldNotBelieveYour3y3s,"65 Egg Roll Road, NY 11011",Adam,Holland,270
28,notjunyang@yahoo.com,Boo!IamGhost,"450 Malibu St, Florida 21211",Mimi,Smith,97
29,juice@gmail.com,letmeinn,"65 Egg Roll Road, NY 11011",Ogadimma,Johansson,808
30,adam@gmail.com,Grr12,"450 Malibu St, Florida 21211",Ashley,Holland,472
31,frankenstein@gmail.com,DirtyDancing22,"42 Wallaby Way, Sydney, Australia 13456",Mimi,Khan,414
32,dancer@gmail.com,Boo!IamGhost,"116 Allen Building, Durham, NC 27708",Adam,Goldman,88
33,icecream@tastes.good,christmas,"42 Wallaby Way, Sydney, Australia 13456",Ogadimma,Khan,924
34,juice@gmail.com,Grr12,"65 Egg Roll Road, NY 11011",Alok,Watson,943
35,frankenstein@gmail.com,YesIamBen,"450 Malibu St, Florida 21211",Ogadimma,Goldman,665
36,pumpkinlover5@gmail.com,LeggoMyEggo?,"55 Ice Cream Ave, New York, NY 11010",Sarah,Jones,376
37,pumpkinlover5@gmail.com,DirtyDancing22,"55 Ice Cream Ave, New York, NY 11010",Rohin,Watson,647
38,sarah@gmail.com,happyhalloween,"8323 New Avenue, Derry, NH 03038",Simon,Crick,99
39,juice@gmail.com,happyhalloween,"116 Allen Building, Durham, NC 27708",Simon,Smith,211
40,juice@gmail.com,YesIamBen,"999 Greenrose Dr, Macomb, MI 48042",Arthur,Crick,315
41,pumpkinlover5@gmail.com,Boo!IamGhost,"65 Egg Roll Road, NY 11011",Ogadimma,Khan,83
42,spooky@gmail.com,Grr12,"450 Malibu St, Florida 21211",Mimi,Johansson,594
43,adam@gmail.com,Boo!IamGhost,"42 Wallaby Way, Sydney, Australia 13456",Arthur,Jones,283
44,frankenstein@gmail.com,DirtyDancing22,"999 Greenrose Dr, Macomb, MI 48042",Simon,Johansson,423
45,frankenstein@gmail.com,Boo!IamGhost,"116 Allen Building, Durham, NC 27708",Rohin,Khan,920
46,pumpkinlover5@gmail.com,letmeinn,"116 Allen Building, Durham, NC 27708",Arthur,Crick,753
47,dancer@gmail.com,LeggoMyEggo?,"55 Ice Cream Ave, New York, NY 11010",Ashley,Goldman,328
48,juice@gmail.com,Boo!IamGhost,"55 Ice Cream Ave, New York, NY 11010",Rohin,Watson,584
49,adam@gmail.com,happyhalloween,"999 Greenrose Dr, Macomb, MI 48042",Ashley,Watson,916
50,icecream@tastes.good,DirtyDancing22,"42 Wallaby Way, Sydney, Australia 13456",Mimi,Holland,30
51,notjunyang@yahoo.com,Boo!IamGhost,"999 Greenrose Dr, Macomb, MI 48042",Sarah,Khan,450
52,juice@gmail.com,christmas,"65 Egg Roll Road, NY 11011",Simon,Goldman,975
53,spooky@gmail.com,iluv2eatic3,"8323 New Avenue, Derry, NH 03038",Mimi,Holland,575
54,adam@gmail.com,LeggoMyEggo?,"8323 New Avenue, Derry, NH 03038",Alok,Johnson,680
55,notjunyang@yahoo.com,christmas,"8323 New Avenue, Derry, NH 03038",Arthur,Johnson,356
56,sarah@gmail.com,christmas,"55 Ice Cream Ave, New York, NY 11010",Alok,Coleman,481
57,pumpkinlover5@gmail.com,YouWouldNotBelieveYour3y3s,"999 Greenrose Dr, Macomb, MI 48042",Ashley,Smith,652
58,sarah@gmail.com,happyhalloween,"8323 New Avenue, Derry, NH 03038",Adam,Watson,374
59,notjunyang@yahoo.com,Boo!IamGhost,"450 Malibu St, Florida 21211",Ogadimma,Goldman,822
60,10millionfireflies@hotmail.com,YesIamBen,"918 Pumpkin Hill Dr, Bensalem, PA 19020",Sarah,Khan,804
61,pumpkinlover5@gmail.com,LeggoMyEggo?,"42 Wallaby Way, Sydney, Australia 13456",Adam,Holland,273
62,sarah@gmail.com,Grr12,"55 Ice Cream Ave, New York, NY 11010",Ashley,Goldman,928
63,sarah@gmail.com,YesIamBen,"8323 New Avenue, Derry, NH 03038",Sarah,Crick,426
64,frankenstein@gmail.com,christmas,"65 Egg Roll Road, NY 11011",Ogadimma,Coleman,494
65,juice@gmail.com,YesIamBen,"42 Wallaby Way, Sydney, Australia 13456",Sarah,Khan,274
66,sarah@gmail.com,happyhalloween,"55 Ice Cream Ave, New York, NY 11010",Catherine,Watson,854
67,notjunyang@yahoo.com,YesIamBen,"42 Wallaby Way, Sydney, Australia 13456",Adam,Watson,431
68,10millionfireflies@hotmail.com,YesIamBen,"450 Malibu St, Florida 21211",Rohin,Crick,873
69,10millionfireflies@hotmail.com,christmas,"65 Egg Roll Road, NY 11011",Rohin,Johnson,218
70,10millionfireflies@hotmail.com,YesIamBen,"55 Ice Cream Ave, New York, NY 11010",Rohin,Johansson,779
71,pumpkinlover5@gmail.com,YesIamBen,"42 Wallaby Way, Sydney, Australia 13456",Mimi,Johansson,758
72,adam@gmail.com,LeggoMyEggo?,"8323 New Avenue, Derry, NH 03038",Adam,Holland,555
73,juice@gmail.com,happyhalloween,"8323 New Avenue, Derry, NH 03038",Arthur,Jones,713
74,10millionfireflies@hotmail.com,Boo!IamGhost,"65 Egg Roll Road, NY 11011",Alok,Johansson,393
75,pumpkinlover5@gmail.com,iluv2eatic3,"65 Egg Roll Road, NY 11011",Ogadimma,Watson,346
76,icecream@tastes.good,YouWouldNotBelieveYour3y3s,"8323 New Avenue, Derry, NH 03038",Catherine,Crick,576
77,10millionfireflies@hotmail.com,Boo!IamGhost,"450 Malibu St, Florida 21211",Sarah,Goldman,829
78,10millionfireflies@hotmail.com,iluv2eatic3,"918 Pumpkin Hill Dr, Bensalem, PA 19020",Simon,Coleman,85
79,pumpkinlover5@gmail.com,DirtyDancing22,"42 Wallaby Way, Sydney, Australia 13456",Sarah,Khan,857
80,sarah@gmail.com,DirtyDancing22,"8323 New Avenue, Derry, NH 03038",Mimi,Crick,434
81,spooky@gmail.com,YesIamBen,"999 Greenrose Dr, Macomb, MI 48042",Ashley,Johansson,449
82,spooky@gmail.com,happyhalloween,"116 Allen Building, Durham, NC 27708",Arthur,Khan,986
83,pumpkinlover5@gmail.com,happyhalloween,"8323 New Avenue, Derry, NH 03038",Catherine,Smith,886
84,adam@gmail.com,Boo!IamGhost,"116 Allen Building, Durham, NC 27708",Sarah,Watson,12
85,icecream@tastes.good,LeggoMyEggo?,"42 Wallaby Way, Sydney, Australia 13456",Adam,Watson,649
86,dancer@gmail.com,Boo!IamGhost,"999 Greenrose Dr, Macomb, MI 48042",Alok,Crick,919
87,sarah@gmail.com,DirtyDancing22,"8323 New Avenue, Derry, NH 03038",Ogadimma,Johansson,113
88,dancer@gmail.com,iluv2eatic3,"999 Greenrose Dr, Macomb, MI 48042",Catherine,Johansson,91
89,10millionfireflies@hotmail.com,LeggoMyEggo?,"65 Egg Roll Road, NY 11011",Mimi,Crick,512
90,spooky@gmail.com,LeggoMyEggo?,"999 Greenrose Dr, Macomb, MI 48042",Alok,Crick,851
91,adam@gmail.com,christmas,"8323 New Avenue, Derry, NH 03038",Mimi,Jones,455
92,frankenstein@gmail.com,LeggoMyEggo?,"450 Malibu St, Florida 21211",Alok,Khan,248
93,adam@gmail.com,YesIamBen,"8323 New Avenue, Derry, NH 03038",Ogadimma,Jones,907
94,juice@gmail.com,YesIamBen,"55 Ice Cream Ave, New York, NY 11010",Adam,Crick,381
95,spooky@gmail.com,YouWouldNotBelieveYour3y3s,"116 Allen Building, Durham, NC 27708",Arthur,Watson,377
96,juice@gmail.com,Boo!IamGhost,"450 Malibu St, Florida 21211",Adam,Smith,345
97,notjunyang@yahoo.com,iluv2eatic3,"65 Egg Roll Road, NY 11011",Arthur,Crick,83
98,adam@gmail.com,YouWouldNotBelieveYour3y3s,"918 Pumpkin Hill Dr, Bensalem, PA 19020",Adam,Johnson,20
99,juice@gmail.com,YouWouldNotBelieveYour3y3s,"116 Allen Building, Durham, NC 27708",Catherine,Holland,128
100,notjunyang@yahoo.com,Boo!IamGhost,"42 Wallaby Way, Sydney, Australia 13456",Simon,Watson,429
101,icecream@tastes.good,DirtyDancing22,"42 Wallaby Way, Sydney, Australia 13456",Sarah,Crick,918
102,spooky@gmail.com,Grr12,"999 Greenrose Dr, Macomb, MI 48042",Adam,Coleman,26
103,spooky@gmail.com,Boo!IamGhost,"65 Egg Roll Road, NY 11011",Adam,Khan,80
104,10millionfireflies@hotmail.com,DirtyDancing22,"65 Egg Roll Road, NY 11011",Ashley,Johansson,605
105,notjunyang@yahoo.com,iluv2eatic3,"918 Pumpkin Hill Dr, Bensalem, PA 19020",Mimi,Johnson,575
106,10millionfireflies@hotmail.com,YesIamBen,"450 Malibu St, Florida 21211",Ashley,Goldman,70
107,sarah@gmail.com,YesIamBen,"999 Greenrose Dr, Macomb, MI 48042",Mimi,Holland,24
108,notjunyang@yahoo.com,iluv2eatic3,"55 Ice Cream Ave, New York, NY 11010",Ashley,Smith,883
109,icecream@tastes.good,YouWouldNotBelieveYour3y3s,"918 Pumpkin Hill Dr, Bensalem, PA 19020",Mimi,Smith,981
110,notjunyang@yahoo.com,letmeinn,"55 Ice Cream Ave, New York, NY 11010",Ogadimma,Coleman,735
111,frankenstein@gmail.com,christmas,"116 Allen Building, Durham, NC 27708",Ashley,Johansson,532
112,frankenstein@gmail.com,happyhalloween,"8323 New Avenue, Derry, NH 03038",Mimi,Goldman,882
113,frankenstein@gmail.com,Boo!IamGhost,"8323 New Avenue, Derry, NH 03038",Sarah,Crick,373
114,10millionfireflies@hotmail.com,YesIamBen,"918 Pumpkin Hill Dr, Bensalem, PA 19020",Ogadimma,Khan,536
115,10millionfireflies@hotmail.com,Boo!IamGhost,"8323 New Avenue, Derry, NH 03038",Simon,Jones,193
116,dancer@gmail.com,christmas,"8323 New Avenue, Derry, NH 03038",Ashley,Khan,712
117,adam@gmail.com,DirtyDancing22,"116 Allen Building, Durham, NC 27708",Sarah,Johnson,302
118,adam@gmail.com,Boo!IamGhost,"55 Ice Cream Ave, New York, NY 11010",Ogadimma,Khan,115
119,spooky@gmail.com,LeggoMyEggo?,"999 Greenrose Dr, Macomb, MI 48042",Simon,Crick,517
120,spooky@gmail.com,christmas,"918 Pumpkin Hill Dr, Bensalem, PA 19020",Alok,Smith,738
121,juice@gmail.com,DirtyDancing22,"450 Malibu St, Florida 21211",Ashley,Johnson,9
122,juice@gmail.com,christmas,"55 Ice Cream Ave, New York, NY 11010",Ogadimma,Holland,481
123,dancer@gmail.com,DirtyDancing22,"42 Wallaby Way, Sydney, Australia 13456",Ashley,Coleman,506
124,spooky@gmail.com,Boo!IamGhost,"55 Ice Cream Ave, New York, NY 11010",Arthur,Goldman,822
125,icecream@tastes.good,YouWouldNotBelieveYour3y3s,"55 Ice Cream Ave, New York, NY 11010",Ogadimma,Johansson,612
126,frankenstein@gmail.com,Boo!IamGhost,"42 Wallaby Way, Sydney, Australia 13456",Adam,Khan,535
127,pumpkinlover5@gmail.com,DirtyDancing22,"918 Pumpkin Hill Dr, Bensalem, PA 19020",Rohin,Holland,835
128,juice@gmail.com,DirtyDancing22,"116 Allen Building, Durham, NC 27708",Rohin,Smith,315
129,icecream@tastes.good,DirtyDancing22,"55 Ice Cream Ave, New York, NY 11010",Ashley,Johnson,793
130,spooky@gmail.com,YouWouldNotBelieveYour3y3s,"999 Greenrose Dr, Macomb, MI 48042",Adam,Goldman,723
131,icecream@tastes.good,christmas,"999 Greenrose Dr, Macomb, MI 48042",Arthur,Goldman,270
132,juice@gmail.com,letmeinn,"999 Greenrose Dr, Macomb, MI 48042",Simon,Smith,805
133,juice@gmail.com,Boo!IamGhost,"999 Greenrose Dr, Macomb, MI 48042",Ashley,Khan,912
134,juice@gmail.com,christmas,"450 Malibu St, Florida 21211",Arthur,Goldman,344
135,juice@gmail.com,happyhalloween,"55 Ice Cream Ave, New York, NY 11010",Ashley,Khan,431
136,frankenstein@gmail.com,LeggoMyEggo?,"65 Egg Roll Road, NY 11011",Sarah,Coleman,997
137,10millionfireflies@hotmail.com,happyhalloween,"450 Malibu St, Florida 21211",Arthur,Johnson,995
138,10millionfireflies@hotmail.com,YouWouldNotBelieveYour3y3s,"116 Allen Building, Durham, NC 27708",Alok,Coleman,888
139,spooky@gmail.com,YouWouldNotBelieveYour3y3s,"116 Allen Building, Durham, NC 27708",Mimi,Johansson,604
140,juice@gmail.com,iluv2eatic3,"55 Ice Cream Ave, New York, NY 11010",Arthur,Johnson,216
141,juice@gmail.com,YouWouldNotBelieveYour3y3s,"42 Wallaby Way, Sydney, Australia 13456",Catherine,Khan,274
142,sarah@gmail.com,Grr12,"918 Pumpkin Hill Dr, Bensalem, PA 19020",Mimi,Watson,114
143,frankenstein@gmail.com,iluv2eatic3,"55 Ice Cream Ave, New York, NY 11010",Sarah,Watson,616
144,notjunyang@yahoo.com,DirtyDancing22,"8323 New Avenue, Derry, NH 03038",Arthur,Johnson,185
145,10millionfireflies@hotmail.com,Grr12,"8323 New Avenue, Derry, NH 03038",Simon,Crick,403
146,spooky@gmail.com,iluv2eatic3,"65 Egg Roll Road, NY 11011",Sarah,Holland,856
147,juice@gmail.com,YesIamBen,"42 Wallaby Way, Sydney, Australia 13456",Alok,Holland,784
148,adam@gmail.com,iluv2eatic3,"116 Allen Building, Durham, NC 27708",Arthur,Crick,826
149,icecream@tastes.good,DirtyDancing22,"116 Allen Building, Durham, NC 27708",Ogadimma,Coleman,795
150,sarah@gmail.com,Boo!IamGhost,"999 Greenrose Dr, Macomb, MI 48042",Catherine,Johnson,415
151,frankenstein@gmail.com,YesIamBen,"55 Ice Cream Ave, New York, NY 11010",Alok,Holland,850
152,adam@gmail.com,happyhalloween,"42 Wallaby Way, Sydney, Australia 13456",Ashley,Smith,891
153,spooky@gmail.com,happyhalloween,"918 Pumpkin Hill Dr, Bensalem, PA 19020",Alok,Coleman,763
154,sarah@gmail.com,iluv2eatic3,"999 Greenrose Dr, Macomb, MI 48042",Alok,Johansson,476
155,spooky@gmail.com,YouWouldNotBelieveYour3y3s,"42 Wallaby Way, Sydney, Australia 13456",Ogadimma,Jones,773
156,adam@gmail.com,YesIamBen,"918 Pumpkin Hill Dr, Bensalem, PA 19020",Alok,Holland,617
157,icecream@tastes.good,YouWouldNotBelieveYour3y3s,"8323 New Avenue, Derry, NH 03038",Simon,Johnson,497
158,icecream@tastes.good,YouWouldNotBelieveYour3y3s,"8323 New Avenue, Derry, NH 03038",Adam,Jones,212
159,adam@gmail.com,christmas,"450 Malibu St, Florida 21211",Mimi,Crick,295
160,adam@gmail.com,iluv2eatic3,"8323 New Avenue, Derry, NH 03038",Alok,Goldman,783
161,pumpkinlover5@gmail.com,YesIamBen,"8323 New Avenue, Derry, NH 03038",Arthur,Coleman,998
162,10millionfireflies@hotmail.com,happyhalloween,"8323 New Avenue, Derry, NH 03038",Ogadimma,Coleman,461
163,dancer@gmail.com,letmeinn,"55 Ice Cream Ave, New York, NY 11010",Ashley,Coleman,497
164,10millionfireflies@hotmail.com,YouWouldNotBelieveYour3y3s,"999 Greenrose Dr, Macomb, MI 48042",Ogadimma,Holland,565
165,juice@gmail.com,iluv2eatic3,"918 Pumpkin Hill Dr, Bensalem, PA 19020",Ogadimma,Johnson,349
166,pumpkinlover5@gmail.com,happyhalloween,"55 Ice Cream Ave, New York, NY 11010",Mimi,Goldman,32
167,sarah@gmail.com,Boo!IamGhost,"116 Allen Building, Durham, NC 27708",Ogadimma,Coleman,662
168,dancer@gmail.com,YouWouldNotBelieveYour3y3s,"65 Egg Roll Road, NY 11011",Rohin,Crick,188
169,10millionfireflies@hotmail.com,Boo!IamGhost,"55 Ice Cream Ave, New York, NY 11010",Mimi,Goldman,158
170,dancer@gmail.com,Grr12,"42 Wallaby Way, Sydney, Australia 13456",Catherine,Smith,216
171,spooky@gmail.com,Grr12,"65 Egg Roll Road, NY 11011",Catherine,Jones,534
172,pumpkinlover5@gmail.com,LeggoMyEggo?,"999 Greenrose Dr, Macomb, MI 48042",Catherine,Smith,285
173,dancer@gmail.com,YouWouldNotBelieveYour3y3s,"918 Pumpkin Hill Dr, Bensalem, PA 19020",Ashley,Coleman,5
174,10millionfireflies@hotmail.com,LeggoMyEggo?,"55 Ice Cream Ave, New York, NY 11010",Adam,Coleman,207
175,frankenstein@gmail.com,YouWouldNotBelieveYour3y3s,"116 Allen Building, Durham, NC 27708",Adam,Smith,113
176,sarah@gmail.com,Grr12,"918 Pumpkin Hill Dr, Bensalem, PA 19020",Catherine,Goldman,547
177,pumpkinlover5@gmail.com,Grr12,"8323 New Avenue, Derry, NH 03038",Adam,Smith,645
178,10millionfireflies@hotmail.com,christmas,"116 Allen Building, Durham, NC 27708",Simon,Holland,549
179,10millionfireflies@hotmail.com,LeggoMyEggo?,"8323 New Avenue, Derry, NH 03038",Mimi,Watson,153
180,frankenstein@gmail.com,YouWouldNotBelieveYour3y3s,"42 Wallaby Way, Sydney, Australia 13456",Ogadimma,Smith,257
181,sarah@gmail.com,Boo!IamGhost,"42 Wallaby Way, Sydney, Australia 13456",Ashley,Watson,219
182,adam@gmail.com,YesIamBen,"999 Greenrose Dr, Macomb, MI 48042",Alok,Watson,233
183,spooky@gmail.com,christmas,"65 Egg Roll Road, NY 11011",Ogadimma,Coleman,819
184,sarah@gmail.com,YouWouldNotBelieveYour3y3s,"65 Egg Roll Road, NY 11011",Rohin,Holland,49
185,notjunyang@yahoo.com,LeggoMyEggo?,"8323 New Avenue, Derry, NH 03038",Ashley,Crick,224
186,juice@gmail.com,LeggoMyEggo?,"999 Greenrose Dr, Macomb, MI 48042",Arthur,Holland,59
187,dancer@gmail.com,LeggoMyEggo?,"450 Malibu St, Florida 21211",Ashley,Khan,896
188,juice@gmail.com,happyhalloween,"42 Wallaby Way, Sydney, Australia 13456",Sarah,Jones,776
189,adam@gmail.com,letmeinn,"918 Pumpkin Hill Dr, Bensalem, PA 19020",Sarah,Goldman,255
190,icecream@tastes.good,LeggoMyEggo?,"999 Greenrose Dr, Macomb, MI 48042",Sarah,Khan,265
191,juice@gmail.com,DirtyDancing22,"450 Malibu St, Florida 21211",Ogadimma,Smith,688
192,sarah@gmail.com,Grr12,"918 Pumpkin Hill Dr, Bensalem, PA 19020",Alok,Holland,316
193,adam@gmail.com,christmas,"55 Ice Cream Ave, New York, NY 11010",Catherine,Goldman,903
194,notjunyang@yahoo.com,christmas,"999 Greenrose Dr, Macomb, MI 48042",Sarah,Goldman,928
195,10millionfireflies@hotmail.com,LeggoMyEggo?,"999 Greenrose Dr, Macomb, MI 48042",Arthur,Johnson,730
196,adam@gmail.com,YouWouldNotBelieveYour3y3s,"999 Greenrose Dr, Macomb, MI 48042",Alok,Smith,521
197,frankenstein@gmail.com,Grr12,"999 Greenrose Dr, Macomb, MI 48042",Alok,Johansson,674
198,adam@gmail.com,Boo!IamGhost,"918 Pumpkin Hill Dr, Bensalem, PA 19020",Ashley,Khan,682
199,juice@gmail.com,Boo!IamGhost,"450 Malibu St, Florida 21211",Ogadimma,Johnson,627
200,frankenstein@gmail.com,YesIamBen,"42 Wallaby Way, Sydney, Australia 13456",Catherine,Khan,689
201,icecream@tastes.good,christmas,"65 Egg Roll Road, NY 11011",Ashley,Johnson,111
202,spooky@gmail.com,LeggoMyEggo?,"116 Allen Building, Durham, NC 27708",Ashley,Watson,18
203,sarah@gmail.com,Boo!IamGhost,"918 Pumpkin Hill Dr, Bensalem, PA 19020",Alok,Goldman,385
204,pumpkinlover5@gmail.com,iluv2eatic3,"55 Ice Cream Ave, New York, NY 11010",Catherine,Goldman,192
205,notjunyang@yahoo.com,YouWouldNotBelieveYour3y3s,"42 Wallaby Way, Sydney, Australia 13456",Ogadimma,Jones,892
206,spooky@gmail.com,LeggoMyEggo?,"918 Pumpkin Hill Dr, Bensalem, PA 19020",Catherine,Goldman,597
207,icecream@tastes.good,Grr12,"999 Greenrose Dr, Macomb, MI 48042",Arthur,Johnson,694
208,adam@gmail.com,YesIamBen,"116 Allen Building, Durham, NC 27708",Ashley,Watson,412
209,frankenstein@gmail.com,letmeinn,"999 Greenrose Dr, Macomb, MI 48042",Arthur,Khan,9
210,dancer@gmail.com,YouWouldNotBelieveYour3y3s,"8323 New Avenue, Derry, NH 03038",Ogadimma,Coleman,809
211,juice@gmail.com,Grr12,"65 Egg Roll Road, NY 11011",Mimi,Smith,372
212,dancer@gmail.com,DirtyDancing22,"999 Greenrose Dr, Macomb, MI 48042",Arthur,Johansson,605
213,notjunyang@yahoo.com,DirtyDancing22,"918 Pumpkin Hill Dr, Bensalem, PA 19020",Catherine,Khan,517
214,10millionfireflies@hotmail.com,LeggoMyEggo?,"918 Pumpkin Hill Dr, Bensalem, PA 19020",Ashley,Johansson,954
215,juice@gmail.com,christmas,"918 Pumpkin Hill Dr, Bensalem, PA 19020",Alok,Johansson,787
216,juice@gmail.com,iluv2eatic3,"42 Wallaby Way, Sydney, Australia 13456",Mimi,Jones,938
217,sarah@gmail.com,DirtyDancing22,"42 Wallaby Way, Sydney, Australia 13456",Arthur,Johnson,335
218,spooky@gmail.com,DirtyDancing22,"65 Egg Roll Road, NY 11011",Ashley,Coleman,418
219,sarah@gmail.com,LeggoMyEggo?,"8323 New Avenue, Derry, NH 03038",Sarah,Jones,281
220,sarah@gmail.com,YesIamBen,"65 Egg Roll Road, NY 11011",Rohin,Watson,58
221,sarah@gmail.com,christmas,"918 Pumpkin Hill Dr, Bensalem, PA 19020",Ashley,Crick,404
222,adam@gmail.com,Boo!IamGhost,"65 Egg Roll Road, NY 11011",Catherine,Khan,333
223,pumpkinlover5@gmail.com,YouWouldNotBelieveYour3y3s,"65 Egg Roll Road, NY 11011",Alok,Crick,953
224,sarah@gmail.com,iluv2eatic3,"116 Allen Building, Durham, NC 27708",Mimi,Watson,37
225,10millionfireflies@hotmail.com,YouWouldNotBelieveYour3y3s,"918 Pumpkin Hill Dr, Bensalem, PA 19020",Alok,Holland,560
226,icecream@tastes.good,christmas,"65 Egg Roll Road, NY 11011",Sarah,Holland,940
227,sarah@gmail.com,Grr12,"999 Greenrose Dr, Macomb, MI 48042",Alok,Watson,582
228,adam@gmail.com,iluv2eatic3,"116 Allen Building, Durham, NC 27708",Arthur,Goldman,682
229,spooky@gmail.com,DirtyDancing22,"918 Pumpkin Hill Dr, Bensalem, PA 19020",Catherine,Khan,133
230,icecream@tastes.good,YesIamBen,"450 Malibu St, Florida 21211",Arthur,Jones,234
231,juice@gmail.com,YesIamBen,"918 Pumpkin Hill Dr, Bensalem, PA 19020",Simon,Khan,507
232,dancer@gmail.com,YesIamBen,"918 Pumpkin Hill Dr, Bensalem, PA 19020",Rohin,Holland,146
233,juice@gmail.com,Boo!IamGhost,"999 Greenrose Dr, Macomb, MI 48042",Arthur,Crick,711
234,juice@gmail.com,happyhalloween,"55 Ice Cream Ave, New York, NY 11010",Simon,Crick,872
235,pumpkinlover5@gmail.com,YesIamBen,"8323 New Avenue, Derry, NH 03038",Ogadimma,Jones,484
236,10millionfireflies@hotmail.com,iluv2eatic3,"42 Wallaby Way, Sydney, Australia 13456",Ashley,Smith,11
237,juice@gmail.com,LeggoMyEggo?,"450 Malibu St, Florida 21211",Rohin,Johnson,234
238,spooky@gmail.com,happyhalloween,"55 Ice Cream Ave, New York, NY 11010",Alok,Crick,869
239,pumpkinlover5@gmail.com,YesIamBen,"116 Allen Building, Durham, NC 27708",Sarah,Watson,976
240,pumpkinlover5@gmail.com,YesIamBen,"116 Allen Building, Durham, NC 27708",Catherine,Johnson,751
241,icecream@tastes.good,LeggoMyEggo?,"918 Pumpkin Hill Dr, Bensalem, PA 19020",Catherine,Smith,638
242,adam@gmail.com,YouWouldNotBelieveYour3y3s,"55 Ice Cream Ave, New York, NY 11010",Simon,Johnson,922
243,dancer@gmail.com,YesIamBen,"918 Pumpkin Hill Dr, Bensalem, PA 19020",Mimi,Khan,591
244,spooky@gmail.com,iluv2eatic3,"918 Pumpkin Hill Dr, Bensalem, PA 19020",Ashley,Jones,482
245,spooky@gmail.com,iluv2eatic3,"55 Ice Cream Ave, New York, NY 11010",Mimi,Crick,330
246,frankenstein@gmail.com,happyhalloween,"65 Egg Roll Road, NY 11011",Alok,Jones,687
247,10millionfireflies@hotmail.com,iluv2eatic3,"450 Malibu St, Florida 21211",Adam,Goldman,160
248,adam@gmail.com,iluv2eatic3,"116 Allen Building, Durham, NC 27708",Sarah,Coleman,986
249,frankenstein@gmail.com,Boo!IamGhost,"999 Greenrose Dr, Macomb, MI 48042",Catherine,Coleman,999
250,spooky@gmail.com,Grr12,"450 Malibu St, Florida 21211",Catherine,Watson,386
251,adam@gmail.com,Grr12,"65 Egg Roll Road, NY 11011",Ashley,Smith,334
252,adam@gmail.com,letmeinn,"999 Greenrose Dr, Macomb, MI 48042",Mimi,Jones,589
253,juice@gmail.com,DirtyDancing22,"8323 New Avenue, Derry, NH 03038",Ashley,Johnson,936
254,pumpkinlover5@gmail.com,christmas,"55 Ice Cream Ave, New York, NY 11010",Ogadimma,Watson,197
255,frankenstein@gmail.com,christmas,"450 Malibu St, Florida 21211",Rohin,Jones,14
256,adam@gmail.com,happyhalloween,"918 Pumpkin Hill Dr, Bensalem, PA 19020",Alok,Holland,256
257,frankenstein@gmail.com,christmas,"116 Allen Building, Durham, NC 27708",Alok,Smith,259
258,frankenstein@gmail.com,happyhalloween,"116 Allen Building, Durham, NC 27708",Ashley,Johansson,138
259,icecream@tastes.good,Grr12,"65 Egg Roll Road, NY 11011",Simon,Jones,518
260,spooky@gmail.com,DirtyDancing22,"8323 New Avenue, Derry, NH 03038",Adam,Jones,683
261,icecream@tastes.good,Grr12,"42 Wallaby Way, Sydney, Australia 13456",Arthur,Smith,639
262,sarah@gmail.com,Boo!IamGhost,"918 Pumpkin Hill Dr, Bensalem, PA 19020",Alok,Smith,687
263,dancer@gmail.com,happyhalloween,"450 Malibu St, Florida 21211",Rohin,Coleman,590
264,icecream@tastes.good,Boo!IamGhost,"65 Egg Roll Road, NY 11011",Simon,Jones,946
265,sarah@gmail.com,Boo!IamGhost,"116 Allen Building, Durham, NC 27708",Alok,Smith,416
266,icecream@tastes.good,happyhalloween,"999 Greenrose Dr, Macomb, MI 48042",Alok,Jones,99
267,juice@gmail.com,YouWouldNotBelieveYour3y3s,"999 Greenrose Dr, Macomb, MI 48042",Adam,Watson,772
268,adam@gmail.com,DirtyDancing22,"8323 New Avenue, Derry, NH 03038",Ashley,Johnson,342
269,frankenstein@gmail.com,YouWouldNotBelieveYour3y3s,"450 Malibu St, Florida 21211",Arthur,Goldman,60
270,notjunyang@yahoo.com,DirtyDancing22,"918 Pumpkin Hill Dr, Bensalem, PA 19020",Ogadimma,Holland,196
271,pumpkinlover5@gmail.com,iluv2eatic3,"65 Egg Roll Road, NY 11011",Ashley,Khan,629
272,pumpkinlover5@gmail.com,Boo!IamGhost,"8323 New Avenue, Derry, NH 03038",Adam,Smith,954
273,sarah@gmail.com,christmas,"918 Pumpkin Hill Dr, Bensalem, PA 19020",Simon,Watson,134
274,spooky@gmail.com,iluv2eatic3,"42 Wallaby Way, Sydney, Australia 13456",Mimi,Watson,575
275,notjunyang@yahoo.com,Boo!IamGhost,"65 Egg Roll Road, NY 11011",Rohin,Coleman,535
276,juice@gmail.com,Grr12,"42 Wallaby Way, Sydney, Australia 13456",Simon,Watson,12
277,10millionfireflies@hotmail.com,YesIamBen,"65 Egg Roll Road, NY 11011",Ashley,Johansson,91
278,juice@gmail.com,Grr12,"999 Greenrose Dr, Macomb, MI 48042",Sarah,Goldman,969
279,dancer@gmail.com,letmeinn,"8323 New Avenue, Derry, NH 03038",Sarah,Goldman,77
280,icecream@tastes.good,YesIamBen,"42 Wallaby Way, Sydney, Australia 13456",Mimi,Johnson,468
281,pumpkinlover5@gmail.com,Boo!IamGhost,"116 Allen Building, Durham, NC 27708",Ashley,Coleman,902
282,sarah@gmail.com,Boo!IamGhost,"450 Malibu St, Florida 21211",Alok,Smith,376
283,spooky@gmail.com,Grr12,"918 Pumpkin Hill Dr, Bensalem, PA 19020",Alok,Smith,226
284,adam@gmail.com,Boo!IamGhost,"116 Allen Building, Durham, NC 27708",Ogadimma,Crick,103
285,spooky@gmail.com,DirtyDancing22,"65 Egg Roll Road, NY 11011",Arthur,Goldman,129
286,pumpkinlover5@gmail.com,Grr12,"918 Pumpkin Hill Dr, Bensalem, PA 19020",Simon,Watson,326
287,pumpkinlover5@gmail.com,happyhalloween,"450 Malibu St, Florida 21211",Catherine,Holland,783
288,frankenstein@gmail.com,christmas,"8323 New Avenue, Derry, NH 03038",Sarah,Johansson,440
289,icecream@tastes.good,happyhalloween,"8323 New Avenue, Derry, NH 03038",Catherine,Watson,685
290,frankenstein@gmail.com,letmeinn,"42 Wallaby Way, Sydney, Australia 13456",Alok,Watson,952
291,juice@gmail.com,iluv2eatic3,"116 Allen Building, Durham, NC 27708",Alok,Khan,789
292,10millionfireflies@hotmail.com,happyhalloween,"116 Allen Building, Durham, NC 27708",Rohin,Johansson,175
293,juice@gmail.com,Grr12,"42 Wallaby Way, Sydney, Australia 13456",Rohin,Johnson,397
294,icecream@tastes.good,YesIamBen,"65 Egg Roll Road, NY 11011",Adam,Johansson,918
295,dancer@gmail.com,iluv2eatic3,"116 Allen Building, Durham, NC 27708",Mimi,Watson,303
296,sarah@gmail.com,DirtyDancing22,"42 Wallaby Way, Sydney, Australia 13456",Alok,Khan,161
297,spooky@gmail.com,christmas,"65 Egg Roll Road, NY 11011",Catherine,Smith,788
298,spooky@gmail.com,YesIamBen,"999 Greenrose Dr, Macomb, MI 48042",Arthur,Holland,535
299,dancer@gmail.com,YouWouldNotBelieveYour3y3s,"8323 New Avenue, Derry, NH 03038",Mimi,Khan,295
300,icecream@tastes.good,YouWouldNotBelieveYour3y3s,"65 Egg Roll Road, NY 11011",Sarah,Johnson,670
301,adam@gmail.com,letmeinn,"8323 New Avenue, Derry, NH 03038",Ashley,Coleman,195
302,notjunyang@yahoo.com,LeggoMyEggo?,"8323 New Avenue, Derry, NH 03038",Simon,Crick,172
303,adam@gmail.com,Boo!IamGhost,"116 Allen Building, Durham, NC 27708",Catherine,Goldman,675
304,pumpkinlover5@gmail.com,YouWouldNotBelieveYour3y3s,"65 Egg Roll Road, NY 11011",Adam,Goldman,568
305,notjunyang@yahoo.com,Boo!IamGhost,"65 Egg Roll Road, NY 11011",Mimi,Jones,668
306,spooky@gmail.com,letmeinn,"42 Wallaby Way, Sydney, Australia 13456",Adam,Crick,251
307,dancer@gmail.com,letmeinn,"918 Pumpkin Hill Dr, Bensalem, PA 19020",Sarah,Johnson,959
308,sarah@gmail.com,YouWouldNotBelieveYour3y3s,"116 Allen Building, Durham, NC 27708",Ashley,Khan,885
309,sarah@gmail.com,iluv2eatic3,"65 Egg Roll Road, NY 11011",Ashley,Johnson,750
310,spooky@gmail.com,Boo!IamGhost,"918 Pumpkin Hill Dr, Bensalem, PA 19020",Adam,Crick,334
311,notjunyang@yahoo.com,letmeinn,"65 Egg Roll Road, NY 11011",Sarah,Coleman,986
312,spooky@gmail.com,christmas,"999 Greenrose Dr, Macomb, MI 48042",Simon,Crick,116
313,icecream@tastes.good,Grr12,"999 Greenrose Dr, Macomb, MI 48042",Adam,Goldman,520
314,adam@gmail.com,LeggoMyEggo?,"55 Ice Cream Ave, New York, NY 11010",Rohin,Johnson,954
315,pumpkinlover5@gmail.com,happyhalloween,"65 Egg Roll Road, NY 11011",Catherine,Khan,135
316,frankenstein@gmail.com,YesIamBen,"450 Malibu St, Florida 21211",Ogadimma,Jones,408
317,spooky@gmail.com,YesIamBen,"55 Ice Cream Ave, New York, NY 11010",Ogadimma,Jones,970
318,notjunyang@yahoo.com,Boo!IamGhost,"65 Egg Roll Road, NY 11011",Simon,Coleman,314
319,pumpkinlover5@gmail.com,YesIamBen,"55 Ice Cream Ave, New York, NY 11010",Ashley,Johnson,719
320,sarah@gmail.com,LeggoMyEggo?,"65 Egg Roll Road, NY 11011",Catherine,Holland,248
321,icecream@tastes.good,YesIamBen,"65 Egg Roll Road, NY 11011",Simon,Holland,712
322,icecream@tastes.good,christmas,"65 Egg Roll Road, NY 11011",Arthur,Coleman,151
323,10millionfireflies@hotmail.com,YesIamBen,"65 Egg Roll Road, NY 11011",Ashley,Watson,183
324,sarah@gmail.com,Boo!IamGhost,"55 Ice Cream Ave, New York, NY 11010",Adam,Johansson,287
325,sarah@gmail.com,Grr12,"450 Malibu St, Florida 21211",Sarah,Johnson,519
326,adam@gmail.com,Grr12,"116 Allen Building, Durham, NC 27708",Ogadimma,Crick,52
327,sarah@gmail.com,iluv2eatic3,"450 Malibu St, Florida 21211",Simon,Crick,128
328,icecream@tastes.good,YesIamBen,"450 Malibu St, Florida 21211",Mimi,Johansson,282
329,notjunyang@yahoo.com,YesIamBen,"8323 New Avenue, Derry, NH 03038",Ashley,Goldman,704
330,10millionfireflies@hotmail.com,happyhalloween,"450 Malibu St, Florida 21211",Ashley,Smith,599
331,dancer@gmail.com,LeggoMyEggo?,"65 Egg Roll Road, NY 11011",Ogadimma,Crick,812
332,icecream@tastes.good,YouWouldNotBelieveYour3y3s,"999 Greenrose Dr, Macomb, MI 48042",Simon,Smith,797
333,icecream@tastes.good,DirtyDancing22,"65 Egg Roll Road, NY 11011",Mimi,Crick,264
334,10millionfireflies@hotmail.com,Boo!IamGhost,"116 Allen Building, Durham, NC 27708",Rohin,Khan,266
335,frankenstein@gmail.com,iluv2eatic3,"55 Ice Cream Ave, New York, NY 11010",Adam,Khan,325
336,sarah@gmail.com,christmas,"116 Allen Building, Durham, NC 27708",Sarah,Coleman,888
337,frankenstein@gmail.com,DirtyDancing22,"8323 New Avenue, Derry, NH 03038",Ogadimma,Smith,586
338,sarah@gmail.com,Grr12,"116 Allen Building, Durham, NC 27708",Adam,Coleman,680
339,pumpkinlover5@gmail.com,LeggoMyEggo?,"55 Ice Cream Ave, New York, NY 11010",Adam,Goldman,974
340,10millionfireflies@hotmail.com,Grr12,"918 Pumpkin Hill Dr, Bensalem, PA 19020",Rohin,Johansson,488
341,juice@gmail.com,DirtyDancing22,"8323 New Avenue, Derry, NH 03038",Ashley,Crick,331
342,dancer@gmail.com,DirtyDancing22,"42 Wallaby Way, Sydney, Australia 13456",Rohin,Holland,895
343,notjunyang@yahoo.com,LeggoMyEggo?,"999 Greenrose Dr, Macomb, MI 48042",Mimi,Coleman,551
344,dancer@gmail.com,happyhalloween,"918 Pumpkin Hill Dr, Bensalem, PA 19020",Adam,Smith,394
345,sarah@gmail.com,LeggoMyEggo?,"116 Allen Building, Durham, NC 27708",Sarah,Johansson,460
346,pumpkinlover5@gmail.com,Boo!IamGhost,"65 Egg Roll Road, NY 11011",Catherine,Coleman,713
347,sarah@gmail.com,YesIamBen,"999 Greenrose Dr, Macomb, MI 48042",Arthur,Coleman,760
348,notjunyang@yahoo.com,letmeinn,"918 Pumpkin Hill Dr, Bensalem, PA 19020",Ogadimma,Khan,147
349,notjunyang@yahoo.com,YouWouldNotBelieveYour3y3s,"999 Greenrose Dr, Macomb, MI 48042",Ogadimma,Holland,784
350,juice@gmail.com,happyhalloween,"999 Greenrose Dr, Macomb, MI 48042",Adam,Johnson,470
351,juice@gmail.com,YouWouldNotBelieveYour3y3s,"55 Ice Cream Ave, New York, NY 11010",Alok,Johnson,683
352,10millionfireflies@hotmail.com,YouWouldNotBelieveYour3y3s,"42 Wallaby Way, Sydney, Australia 13456",Catherine,Coleman,743
353,pumpkinlover5@gmail.com,YesIamBen,"55 Ice Cream Ave, New York, NY 11010",Adam,Crick,276
354,frankenstein@gmail.com,Grr12,"116 Allen Building, Durham, NC 27708",Simon,Crick,286
355,sarah@gmail.com,Boo!IamGhost,"450 Malibu St, Florida 21211",Ashley,Johnson,117
356,pumpkinlover5@gmail.com,happyhalloween,"450 Malibu St, Florida 21211",Adam,Johnson,991
357,dancer@gmail.com,letmeinn,"116 Allen Building, Durham, NC 27708",Ogadimma,Watson,771
358,notjunyang@yahoo.com,Boo!IamGhost,"65 Egg Roll Road, NY 11011",Catherine,Jones,630
359,pumpkinlover5@gmail.com,iluv2eatic3,"918 Pumpkin Hill Dr, Bensalem, PA 19020",Ogadimma,Holland,809
360,frankenstein@gmail.com,Grr12,"918 Pumpkin Hill Dr, Bensalem, PA 19020",Mimi,Goldman,590
361,sarah@gmail.com,letmeinn,"999 Greenrose Dr, Macomb, MI 48042",Arthur,Johansson,136
362,sarah@gmail.com,LeggoMyEggo?,"42 Wallaby Way, Sydney, Australia 13456",Ashley,Holland,107
363,sarah@gmail.com,Grr12,"918 Pumpkin Hill Dr, Bensalem, PA 19020",Catherine,Goldman,430
364,icecream@tastes.good,Grr12,"55 Ice Cream Ave, New York, NY 11010",Catherine,Crick,590
365,juice@gmail.com,DirtyDancing22,"116 Allen Building, Durham, NC 27708",Adam,Goldman,431
366,10millionfireflies@hotmail.com,YouWouldNotBelieveYour3y3s,"55 Ice Cream Ave, New York, NY 11010",Sarah,Crick,49
367,10millionfireflies@hotmail.com,Grr12,"918 Pumpkin Hill Dr, Bensalem, PA 19020",Alok,Jones,747
368,spooky@gmail.com,christmas,"999 Greenrose Dr, Macomb, MI 48042",Simon,Johnson,813
369,notjunyang@yahoo.com,letmeinn,"8323 New Avenue, Derry, NH 03038",Ashley,Khan,367
370,10millionfireflies@hotmail.com,DirtyDancing22,"8323 New Avenue, Derry, NH 03038",Ashley,Khan,732
371,juice@gmail.com,YesIamBen,"999 Greenrose Dr, Macomb, MI 48042",Ogadimma,Goldman,446
372,spooky@gmail.com,Grr12,"918 Pumpkin Hill Dr, Bensalem, PA 19020",Arthur,Johansson,649
373,notjunyang@yahoo.com,Grr12,"918 Pumpkin Hill Dr, Bensalem, PA 19020",Rohin,Coleman,393
374,frankenstein@gmail.com,christmas,"999 Greenrose Dr, Macomb, MI 48042",Sarah,Smith,939
375,notjunyang@yahoo.com,YouWouldNotBelieveYour3y3s,"65 Egg Roll Road, NY 11011",Sarah,Crick,570
376,adam@gmail.com,happyhalloween,"116 Allen Building, Durham, NC 27708",Adam,Smith,998
377,adam@gmail.com,happyhalloween,"918 Pumpkin Hill Dr, Bensalem, PA 19020",Rohin,Smith,160
378,icecream@tastes.good,Boo!IamGhost,"55 Ice Cream Ave, New York, NY 11010",Arthur,Johnson,427
379,sarah@gmail.com,iluv2eatic3,"918 Pumpkin Hill Dr, Bensalem, PA 19020",Ashley,Crick,895
380,juice@gmail.com,iluv2eatic3,"450 Malibu St, Florida 21211",Ogadimma,Johansson,20
381,frankenstein@gmail.com,Grr12,"8323 New Avenue, Derry, NH 03038",Ashley,Jones,147
382,pumpkinlover5@gmail.com,Boo!IamGhost,"450 Malibu St, Florida 21211",Arthur,Johansson,979
383,juice@gmail.com,YesIamBen,"450 Malibu St, Florida 21211",Ogadimma,Holland,488
384,10millionfireflies@hotmail.com,Boo!IamGhost,"450 Malibu St, Florida 21211",Adam,Johnson,386
385,frankenstein@gmail.com,christmas,"999 Greenrose Dr, Macomb, MI 48042",Alok,Jones,11
386,frankenstein@gmail.com,Grr12,"999 Greenrose Dr, Macomb, MI 48042",Mimi,Smith,746
387,adam@gmail.com,christmas,"42 Wallaby Way, Sydney, Australia 13456",Ashley,Johnson,717
388,10millionfireflies@hotmail.com,YouWouldNotBelieveYour3y3s,"42 Wallaby Way, Sydney, Australia 13456",Mimi,Watson,595
389,spooky@gmail.com,LeggoMyEggo?,"55 Ice Cream Ave, New York, NY 11010",Ogadimma,Khan,633
390,notjunyang@yahoo.com,Grr12,"42 Wallaby Way, Sydney, Australia 13456",Rohin,Watson,405
391,frankenstein@gmail.com,Boo!IamGhost,"116 Allen Building, Durham, NC 27708",Ashley,Jones,345
392,adam@gmail.com,letmeinn,"116 Allen Building, Durham, NC 27708",Alok,Khan,758
393,adam@gmail.com,iluv2eatic3,"55 Ice Cream Ave, New York, NY 11010",Adam,Jones,709
394,frankenstein@gmail.com,christmas,"65 Egg Roll Road, NY 11011",Simon,Smith,711
395,10millionfireflies@hotmail.com,christmas,"999 Greenrose Dr, Macomb, MI 48042",Ogadimma,Holland,937
396,10millionfireflies@hotmail.com,YesIamBen,"450 Malibu St, Florida 21211",Simon,Khan,502
397,frankenstein@gmail.com,YouWouldNotBelieveYour3y3s,"65 Egg Roll Road, NY 11011",Adam,Goldman,5
398,juice@gmail.com,happyhalloween,"450 Malibu St, Florida 21211",Alok,Goldman,273
399,pumpkinlover5@gmail.com,christmas,"8323 New Avenue, Derry, NH 03038",Arthur,Jones,603
400,notjunyang@yahoo.com,LeggoMyEggo?,"42 Wallaby Way, Sydney, Australia 13456",Catherine,Khan,141
401,sarah@gmail.com,LeggoMyEggo?,"450 Malibu St, Florida 21211",Sarah,Jones,969
402,frankenstein@gmail.com,YesIamBen,"918 Pumpkin Hill Dr, Bensalem, PA 19020",Adam,Watson,529
403,adam@gmail.com,happyhalloween,"999 Greenrose Dr, Macomb, MI 48042",Arthur,Jones,98
404,juice@gmail.com,YesIamBen,"116 Allen Building, Durham, NC 27708",Adam,Khan,630
405,dancer@gmail.com,iluv2eatic3,"8323 New Avenue, Derry, NH 03038",Alok,Jones,436
406,frankenstein@gmail.com,Boo!IamGhost,"55 Ice Cream Ave, New York, NY 11010",Sarah,Smith,834
407,juice@gmail.com,letmeinn,"999 Greenrose Dr, Macomb, MI 48042",Adam,Watson,251
408,notjunyang@yahoo.com,happyhalloween,"918 Pumpkin Hill Dr, Bensalem, PA 19020",Alok,Smith,937
409,frankenstein@gmail.com,Boo!IamGhost,"450 Malibu St, Florida 21211",Alok,Watson,640
410,10millionfireflies@hotmail.com,happyhalloween,"116 Allen Building, Durham, NC 27708",Simon,Jones,275
411,notjunyang@yahoo.com,iluv2eatic3,"65 Egg Roll Road, NY 11011",Ogadimma,Johnson,273
412,dancer@gmail.com,Grr12,"116 Allen Building, Durham, NC 27708",Rohin,Jones,740
413,adam@gmail.com,happyhalloween,"116 Allen Building, Durham, NC 27708",Catherine,Goldman,74
414,adam@gmail.com,DirtyDancing22,"116 Allen Building, Durham, NC 27708",Arthur,Johnson,52
415,sarah@gmail.com,DirtyDancing22,"999 Greenrose Dr, Macomb, MI 48042",Adam,Johansson,416
416,frankenstein@gmail.com,LeggoMyEggo?,"8323 New Avenue, Derry, NH 03038",Alok,Crick,432
417,10millionfireflies@hotmail.com,christmas,"8323 New Avenue, Derry, NH 03038",Mimi,Khan,589
418,dancer@gmail.com,LeggoMyEggo?,"999 Greenrose Dr, Macomb, MI 48042",Ogadimma,Jones,655
419,adam@gmail.com,iluv2eatic3,"55 Ice Cream Ave, New York, NY 11010",Arthur,Khan,559
420,icecream@tastes.good,LeggoMyEggo?,"55 Ice Cream Ave, New York, NY 11010",Sarah,Khan,529
421,10millionfireflies@hotmail.com,YesIamBen,"918 Pumpkin Hill Dr, Bensalem, PA 19020",Arthur,Watson,31
422,frankenstein@gmail.com,happyhalloween,"450 Malibu St, Florida 21211",Ogadimma,Watson,294
423,icecream@tastes.good,DirtyDancing22,"999 Greenrose Dr, Macomb, MI 48042",Sarah,Jones,761
424,dancer@gmail.com,DirtyDancing22,"65 Egg Roll Road, NY 11011",Arthur,Johnson,339
425,frankenstein@gmail.com,happyhalloween,"999 Greenrose Dr, Macomb, MI 48042",Ogadimma,Smith,614
426,sarah@gmail.com,YesIamBen,"918 Pumpkin Hill Dr, Bensalem, PA 19020",Mimi,Goldman,968
427,adam@gmail.com,DirtyDancing22,"116 Allen Building, Durham, NC 27708",Ogadimma,Johnson,252
428,spooky@gmail.com,iluv2eatic3,"8323 New Avenue, Derry, NH 03038",Sarah,Goldman,448
429,notjunyang@yahoo.com,YesIamBen,"65 Egg Roll Road, NY 11011",Mimi,Goldman,63
430,spooky@gmail.com,YesIamBen,"999 Greenrose Dr, Macomb, MI 48042",Ashley,Watson,675
431,10millionfireflies@hotmail.com,DirtyDancing22,"450 Malibu St, Florida 21211",Ashley,Johnson,210
432,spooky@gmail.com,Boo!IamGhost,"8323 New Avenue, Derry, NH 03038",Adam,Coleman,549
433,pumpkinlover5@gmail.com,DirtyDancing22,"42 Wallaby Way, Sydney, Australia 13456",Rohin,Johansson,573
434,adam@gmail.com,Grr12,"999 Greenrose Dr, Macomb, MI 48042",Arthur,Watson,494
435,icecream@tastes.good,YouWouldNotBelieveYour3y3s,"999 Greenrose Dr, Macomb, MI 48042",Alok,Coleman,922
436,icecream@tastes.good,Grr12,"55 Ice Cream Ave, New York, NY 11010",Mimi,Goldman,613
437,icecream@tastes.good,YouWouldNotBelieveYour3y3s,"918 Pumpkin Hill Dr, Bensalem, PA 19020",Ogadimma,Johnson,9
438,10millionfireflies@hotmail.com,happyhalloween,"999 Greenrose Dr, Macomb, MI 48042",Arthur,Coleman,3
439,icecream@tastes.good,Grr12,"999 Greenrose Dr, Macomb, MI 48042",Ashley,Watson,813
440,10millionfireflies@hotmail.com,happyhalloween,"450 Malibu St, Florida 21211",Adam,Watson,907
441,spooky@gmail.com,letmeinn,"918 Pumpkin Hill Dr, Bensalem, PA 19020",Ogadimma,Goldman,991
442,juice@gmail.com,Boo!IamGhost,"116 Allen Building, Durham, NC 27708",Rohin,Crick,193
443,10millionfireflies@hotmail.com,Grr12,"55 Ice Cream Ave, New York, NY 11010",Sarah,Holland,145
444,frankenstein@gmail.com,letmeinn,"42 Wallaby Way, Sydney, Australia 13456",Ogadimma,Jones,187
445,10millionfireflies@hotmail.com,DirtyDancing22,"450 Malibu St, Florida 21211",Rohin,Holland,191
446,notjunyang@yahoo.com,letmeinn,"65 Egg Roll Road, NY 11011",Ogadimma,Crick,567
447,sarah@gmail.com,Grr12,"116 Allen Building, Durham, NC 27708",Ashley,Coleman,395
448,frankenstein@gmail.com,DirtyDancing22,"55 Ice Cream Ave, New York, NY 11010",Ashley,Crick,291
449,juice@gmail.com,DirtyDancing22,"999 Greenrose Dr, Macomb, MI 48042",Adam,Johnson,200
450,10millionfireflies@hotmail.com,DirtyDancing22,"450 Malibu St, Florida 21211",Sarah,Crick,12
451,icecream@tastes.good,YouWouldNotBelieveYour3y3s,"999 Greenrose Dr, Macomb, MI 48042",Arthur,Johnson,185
452,spooky@gmail.com,letmeinn,"65 Egg Roll Road, NY 11011",Adam,Smith,250
453,spooky@gmail.com,Grr12,"55 Ice Cream Ave, New York, NY 11010",Arthur,Smith,794
454,notjunyang@yahoo.com,YouWouldNotBelieveYour3y3s,"116 Allen Building, Durham, NC 27708",Ogadimma,Johnson,269
455,spooky@gmail.com,letmeinn,"65 Egg Roll Road, NY 11011",Mimi,Johnson,140
456,10millionfireflies@hotmail.com,happyhalloween,"65 Egg Roll Road, NY 11011",Adam,Smith,822
457,spooky@gmail.com,LeggoMyEggo?,"8323 New Avenue, Derry, NH 03038",Sarah,Jones,374
458,dancer@gmail.com,YouWouldNotBelieveYour3y3s,"42 Wallaby Way, Sydney, Australia 13456",Arthur,Holland,306
459,sarah@gmail.com,Boo!IamGhost,"116 Allen Building, Durham, NC 27708",Sarah,Johnson,356
460,juice@gmail.com,Boo!IamGhost,"8323 New Avenue, Derry, NH 03038",Alok,Khan,636
461,icecream@tastes.good,letmeinn,"116 Allen Building, Durham, NC 27708",Arthur,Johnson,872
462,sarah@gmail.com,Boo!IamGhost,"42 Wallaby Way, Sydney, Australia 13456",Ogadimma,Goldman,810
463,10millionfireflies@hotmail.com,YesIamBen,"450 Malibu St, Florida 21211",Ashley,Jones,633
464,icecream@tastes.good,happyhalloween,"918 Pumpkin Hill Dr, Bensalem, PA 19020",Mimi,Crick,279
465,spooky@gmail.com,happyhalloween,"8323 New Avenue, Derry, NH 03038",Ashley,Watson,184
466,sarah@gmail.com,happyhalloween,"65 Egg Roll Road, NY 11011",Rohin,Crick,986
467,juice@gmail.com,Grr12,"116 Allen Building, Durham, NC 27708",Mimi,Coleman,200
468,notjunyang@yahoo.com,LeggoMyEggo?,"450 Malibu St, Florida 21211",Ogadimma,Coleman,335
469,adam@gmail.com,YesIamBen,"999 Greenrose Dr, Macomb, MI 48042",Catherine,Watson,159
470,10millionfireflies@hotmail.com,happyhalloween,"918 Pumpkin Hill Dr, Bensalem, PA 19020",Ogadimma,Holland,306
471,adam@gmail.com,Grr12,"116 Allen Building, Durham, NC 27708",Rohin,Watson,328
472,notjunyang@yahoo.com,christmas,"450 Malibu St, Florida 21211",Ashley,Crick,827
473,juice@gmail.com,DirtyDancing22,"999 Greenrose Dr, Macomb, MI 48042",Adam,Johansson,913
474,juice@gmail.com,letmeinn,"116 Allen Building, Durham, NC 27708",Alok,Crick,332
475,icecream@tastes.good,YesIamBen,"42 Wallaby Way, Sydney, Australia 13456",Ogadimma,Crick,17
476,10millionfireflies@hotmail.com,DirtyDancing22,"450 Malibu St, Florida 21211",Simon,Johansson,143
477,10millionfireflies@hotmail.com,letmeinn,"999 Greenrose Dr, Macomb, MI 48042",Ashley,Watson,74
478,10millionfireflies@hotmail.com,christmas,"55 Ice Cream Ave, New York, NY 11010",Alok,Goldman,114
479,notjunyang@yahoo.com,iluv2eatic3,"42 Wallaby Way, Sydney, Australia 13456",Simon,Johnson,548
480,frankenstein@gmail.com,christmas,"65 Egg Roll Road, NY 11011",Simon,Holland,685
481,spooky@gmail.com,letmeinn,"42 Wallaby Way, Sydney, Australia 13456",Rohin,Coleman,75
482,juice@gmail.com,DirtyDancing22,"918 Pumpkin Hill Dr, Bensalem, PA 19020",Sarah,Khan,354
483,sarah@gmail.com,DirtyDancing22,"450 Malibu St, Florida 21211",Arthur,Johnson,812
484,spooky@gmail.com,YouWouldNotBelieveYour3y3s,"450 Malibu St, Florida 21211",Arthur,Khan,248
485,dancer@gmail.com,DirtyDancing22,"999 Greenrose Dr, Macomb, MI 48042",Simon,Holland,422
486,pumpkinlover5@gmail.com,letmeinn,"999 Greenrose Dr, Macomb, MI 48042",Sarah,Crick,192
487,spooky@gmail.com,Grr12,"42 Wallaby Way, Sydney, Australia 13456",Mimi,Johansson,986
488,spooky@gmail.com,YesIamBen,"116 Allen Building, Durham, NC 27708",Rohin,Johansson,362
489,10millionfireflies@hotmail.com,Boo!IamGhost,"999 Greenrose Dr, Macomb, MI 48042",Adam,Jones,498
490,pumpkinlover5@gmail.com,DirtyDancing22,"65 Egg Roll Road, NY 11011",Mimi,Jones,81
491,pumpkinlover5@gmail.com,YouWouldNotBelieveYour3y3s,"65 Egg Roll Road, NY 11011",Alok,Holland,179
492,frankenstein@gmail.com,Grr12,"999 Greenrose Dr, Macomb, MI 48042",Ashley,Watson,862
493,spooky@gmail.com,letmeinn,"42 Wallaby Way, Sydney, Australia 13456",Alok,Crick,356
494,icecream@tastes.good,YouWouldNotBelieveYour3y3s,"450 Malibu St, Florida 21211",Ogadimma,Smith,422
495,dancer@gmail.com,YesIamBen,"918 Pumpkin Hill Dr, Bensalem, PA 19020",Simon,Watson,626
496,pumpkinlover5@gmail.com,YouWouldNotBelieveYour3y3s,"999 Greenrose Dr, Macomb, MI 48042",Sarah,Johnson,567
497,icecream@tastes.good,LeggoMyEggo?,"42 Wallaby Way, Sydney, Australia 13456",Arthur,Goldman,122
498,frankenstein@gmail.com,letmeinn,"116 Allen Building, Durham, NC 27708",Adam,Johnson,718
499,spooky@gmail.com,YouWouldNotBelieveYour3y3s,"42 Wallaby Way, Sydney, Australia 13456",Arthur,Watson,514
500,icecream@tastes.good,letmeinn,"999 Greenrose Dr, Macomb, MI 48042",Sarah,Jones,156
501,adam@gmail.com,DirtyDancing22,"116 Allen Building, Durham, NC 27708",Adam,Smith,518
502,spooky@gmail.com,happyhalloween,"918 Pumpkin Hill Dr, Bensalem, PA 19020",Sarah,Watson,301
503,spooky@gmail.com,letmeinn,"42 Wallaby Way, Sydney, Australia 13456",Adam,Smith,447
504,10millionfireflies@hotmail.com,happyhalloween,"55 Ice Cream Ave, New York, NY 11010",Mimi,Goldman,163
505,spooky@gmail.com,LeggoMyEggo?,"999 Greenrose Dr, Macomb, MI 48042",Ogadimma,Johansson,127
506,sarah@gmail.com,DirtyDancing22,"8323 New Avenue, Derry, NH 03038",Sarah,Khan,941
507,sarah@gmail.com,happyhalloween,"42 Wallaby Way, Sydney, Australia 13456",Arthur,Coleman,515
508,spooky@gmail.com,YesIamBen,"999 Greenrose Dr, Macomb, MI 48042",Adam,Goldman,954
509,icecream@tastes.good,iluv2eatic3,"116 Allen Building, Durham, NC 27708",Rohin,Coleman,60
510,10millionfireflies@hotmail.com,Boo!IamGhost,"8323 New Avenue, Derry, NH 03038",Adam,Crick,123
511,sarah@gmail.com,happyhalloween,"8323 New Avenue, Derry, NH 03038",Simon,Jones,257
512,10millionfireflies@hotmail.com,letmeinn,"42 Wallaby Way, Sydney, Australia 13456",Sarah,Johnson,756
513,pumpkinlover5@gmail.com,YesIamBen,"999 Greenrose Dr, Macomb, MI 48042",Sarah,Watson,687
514,adam@gmail.com,Boo!IamGhost,"42 Wallaby Way, Sydney, Australia 13456",Rohin,Johansson,344
515,notjunyang@yahoo.com,happyhalloween,"918 Pumpkin Hill Dr, Bensalem, PA 19020",Ogadimma,Johnson,640
516,pumpkinlover5@gmail.com,YesIamBen,"999 Greenrose Dr, Macomb, MI 48042",Simon,Smith,636
517,frankenstein@gmail.com,letmeinn,"42 Wallaby Way, Sydney, Australia 13456",Sarah,Jones,450
518,adam@gmail.com,happyhalloween,"999 Greenrose Dr, Macomb, MI 48042",Ogadimma,Coleman,900
519,frankenstein@gmail.com,iluv2eatic3,"116 Allen Building, Durham, NC 27708",Sarah,Smith,523
520,notjunyang@yahoo.com,LeggoMyEggo?,"116 Allen Building, Durham, NC 27708",Mimi,Holland,123
521,pumpkinlover5@gmail.com,Grr12,"116 Allen Building, Durham, NC 27708",Sarah,Johnson,871
522,adam@gmail.com,YouWouldNotBelieveYour3y3s,"8323 New Avenue, Derry, NH 03038",Catherine,Johansson,185
523,notjunyang@yahoo.com,YouWouldNotBelieveYour3y3s,"65 Egg Roll Road, NY 11011",Sarah,Johansson,423
524,juice@gmail.com,DirtyDancing22,"918 Pumpkin Hill Dr, Bensalem, PA 19020",Ogadimma,Goldman,145
525,spooky@gmail.com,YesIamBen,"999 Greenrose Dr, Macomb, MI 48042",Catherine,Jones,332
526,pumpkinlover5@gmail.com,DirtyDancing22,"65 Egg Roll Road, NY 11011",Sarah,Khan,312
527,adam@gmail.com,happyhalloween,"918 Pumpkin Hill Dr, Bensalem, PA 19020",Mimi,Holland,822
528,notjunyang@yahoo.com,Grr12,"450 Malibu St, Florida 21211",Simon,Khan,334
529,icecream@tastes.good,happyhalloween,"999 Greenrose Dr, Macomb, MI 48042",Catherine,Crick,173
530,pumpkinlover5@gmail.com,happyhalloween,"116 Allen Building, Durham, NC 27708",Sarah,Johansson,885
531,sarah@gmail.com,Grr12,"55 Ice Cream Ave, New York, NY 11010",Alok,Johansson,448
532,adam@gmail.com,DirtyDancing22,"999 Greenrose Dr, Macomb, MI 48042",Simon,Coleman,521
533,10millionfireflies@hotmail.com,happyhalloween,"65 Egg Roll Road, NY 11011",Ogadimma,Jones,823
534,juice@gmail.com,YouWouldNotBelieveYour3y3s,"999 Greenrose Dr, Macomb, MI 48042",Arthur,Smith,177
535,icecream@tastes.good,letmeinn,"55 Ice Cream Ave, New York, NY 11010",Ogadimma,Khan,646
536,pumpkinlover5@gmail.com,christmas,"450 Malibu St, Florida 21211",Catherine,Johnson,610
537,sarah@gmail.com,YouWouldNotBelieveYour3y3s,"65 Egg Roll Road, NY 11011",Simon,Johnson,262
538,icecream@tastes.good,YouWouldNotBelieveYour3y3s,"8323 New Avenue, Derry, NH 03038",Arthur,Watson,673
539,notjunyang@yahoo.com,happyhalloween,"8323 New Avenue, Derry, NH 03038",Ashley,Crick,657
540,juice@gmail.com,Grr12,"450 Malibu St, Florida 21211",Simon,Johnson,154
541,sarah@gmail.com,YesIamBen,"8323 New Avenue, Derry, NH 03038",Catherine,Jones,618
542,icecream@tastes.good,YesIamBen,"55 Ice Cream Ave, New York, NY 11010",Ashley,Watson,301
543,icecream@tastes.good,christmas,"42 Wallaby Way, Sydney, Australia 13456",Rohin,Crick,108
544,notjunyang@yahoo.com,letmeinn,"999 Greenrose Dr, Macomb, MI 48042",Simon,Smith,820
545,frankenstein@gmail.com,happyhalloween,"65 Egg Roll Road, NY 11011",Adam,Crick,445
546,10millionfireflies@hotmail.com,LeggoMyEggo?,"55 Ice Cream Ave, New York, NY 11010",Simon,Khan,770
547,spooky@gmail.com,DirtyDancing22,"116 Allen Building, Durham, NC 27708",Sarah,Watson,367
548,dancer@gmail.com,christmas,"116 Allen Building, Durham, NC 27708",Rohin,Coleman,905
549,notjunyang@yahoo.com,YouWouldNotBelieveYour3y3s,"116 Allen Building, Durham, NC 27708",Simon,Johansson,383
550,adam@gmail.com,Grr12,"918 Pumpkin Hill Dr, Bensalem, PA 19020",Ogadimma,Watson,562
551,icecream@tastes.good,LeggoMyEggo?,"65 Egg Roll Road, NY 11011",Arthur,Coleman,229
552,dancer@gmail.com,LeggoMyEggo?,"8323 New Avenue, Derry, NH 03038",Ogadimma,Watson,165
553,pumpkinlover5@gmail.com,YesIamBen,"55 Ice Cream Ave, New York, NY 11010",Simon,Khan,750
554,10millionfireflies@hotmail.com,Boo!IamGhost,"8323 New Avenue, Derry, NH 03038",Ashley,Johnson,389
555,notjunyang@yahoo.com,Boo!IamGhost,"55 Ice Cream Ave, New York, NY 11010",Ashley,Johansson,949
556,adam@gmail.com,YesIamBen,"450 Malibu St, Florida 21211",Mimi,Johansson,8
557,pumpkinlover5@gmail.com,DirtyDancing22,"450 Malibu St, Florida 21211",Adam,Goldman,240
558,sarah@gmail.com,LeggoMyEggo?,"42 Wallaby Way, Sydney, Australia 13456",Simon,Khan,300
559,sarah@gmail.com,YouWouldNotBelieveYour3y3s,"8323 New Avenue, Derry, NH 03038",Mimi,Khan,1000
560,dancer@gmail.com,Boo!IamGhost,"8323 New Avenue, Derry, NH 03038",Sarah,Holland,496
561,notjunyang@yahoo.com,DirtyDancing22,"55 Ice Cream Ave, New York, NY 11010",Ashley,Jones,358
562,notjunyang@yahoo.com,LeggoMyEggo?,"116 Allen Building, Durham, NC 27708",Mimi,Jones,289
563,spooky@gmail.com,christmas,"65 Egg Roll Road, NY 11011",Ashley,Holland,811
564,notjunyang@yahoo.com,happyhalloween,"42 Wallaby Way, Sydney, Australia 13456",Mimi,Watson,0
565,spooky@gmail.com,DirtyDancing22,"8323 New Avenue, Derry, NH 03038",Catherine,Jones,945
566,adam@gmail.com,YesIamBen,"116 Allen Building, Durham, NC 27708",Adam,Smith,548
567,notjunyang@yahoo.com,happyhalloween,"42 Wallaby Way, Sydney, Australia 13456",Sarah,Jones,970
568,10millionfireflies@hotmail.com,letmeinn,"65 Egg Roll Road, NY 11011",Arthur,Johnson,288
569,spooky@gmail.com,YouWouldNotBelieveYour3y3s,"65 Egg Roll Road, NY 11011",Simon,Goldman,903
570,dancer@gmail.com,iluv2eatic3,"116 Allen Building, Durham, NC 27708",Rohin,Johnson,972
571,spooky@gmail.com,happyhalloween,"450 Malibu St, Florida 21211",Ogadimma,Jones,175
572,notjunyang@yahoo.com,iluv2eatic3,"65 Egg Roll Road, NY 11011",Ashley,Johnson,868
573,sarah@gmail.com,Grr12,"116 Allen Building, Durham, NC 27708",Adam,Watson,629
574,sarah@gmail.com,letmeinn,"55 Ice Cream Ave, New York, NY 11010",Simon,Smith,600
575,frankenstein@gmail.com,Grr12,"42 Wallaby Way, Sydney, Australia 13456",Sarah,Crick,539
576,frankenstein@gmail.com,DirtyDancing22,"918 Pumpkin Hill Dr, Bensalem, PA 19020",Ogadimma,Holland,239
577,icecream@tastes.good,LeggoMyEggo?,"55 Ice Cream Ave, New York, NY 11010",Ogadimma,Johansson,629
578,dancer@gmail.com,YesIamBen,"55 Ice Cream Ave, New York, NY 11010",Rohin,Smith,854
579,adam@gmail.com,DirtyDancing22,"65 Egg Roll Road, NY 11011",Simon,Johnson,982
580,spooky@gmail.com,christmas,"8323 New Avenue, Derry, NH 03038",Mimi,Coleman,413
581,adam@gmail.com,YesIamBen,"55 Ice Cream Ave, New York, NY 11010",Catherine,Coleman,423
582,10millionfireflies@hotmail.com,YouWouldNotBelieveYour3y3s,"918 Pumpkin Hill Dr, Bensalem, PA 19020",Arthur,Johansson,529
583,icecream@tastes.good,iluv2eatic3,"918 Pumpkin Hill Dr, Bensalem, PA 19020",Rohin,Jones,276
584,spooky@gmail.com,YouWouldNotBelieveYour3y3s,"65 Egg Roll Road, NY 11011",Rohin,Khan,695
585,juice@gmail.com,YouWouldNotBelieveYour3y3s,"116 Allen Building, Durham, NC 27708",Arthur,Jones,573
586,sarah@gmail.com,YesIamBen,"450 Malibu St, Florida 21211",Mimi,Johansson,141
587,icecream@tastes.good,Boo!IamGhost,"65 Egg Roll Road, NY 11011",Mimi,Johansson,932
588,adam@gmail.com,letmeinn,"999 Greenrose Dr, Macomb, MI 48042",Sarah,Coleman,554
589,adam@gmail.com,Grr12,"918 Pumpkin Hill Dr, Bensalem, PA 19020",Adam,Holland,175
590,10millionfireflies@hotmail.com,christmas,"116 Allen Building, Durham, NC 27708",Ogadimma,Goldman,61
591,frankenstein@gmail.com,Boo!IamGhost,"918 Pumpkin Hill Dr, Bensalem, PA 19020",Simon,Johansson,956
592,juice@gmail.com,iluv2eatic3,"55 Ice Cream Ave, New York, NY 11010",Sarah,Khan,821
593,juice@gmail.com,LeggoMyEggo?,"450 Malibu St, Florida 21211",Mimi,Watson,573
594,icecream@tastes.good,christmas,"8323 New Avenue, Derry, NH 03038",Rohin,Johnson,416
595,notjunyang@yahoo.com,iluv2eatic3,"65 Egg Roll Road, NY 11011",Simon,Holland,781
596,juice@gmail.com,happyhalloween,"116 Allen Building, Durham, NC 27708",Ogadimma,Jones,988
597,adam@gmail.com,YouWouldNotBelieveYour3y3s,"55 Ice Cream Ave, New York, NY 11010",Sarah,Goldman,745
598,adam@gmail.com,iluv2eatic3,"450 Malibu St, Florida 21211",Mimi,Jones,901
599,adam@gmail.com,iluv2eatic3,"55 Ice Cream Ave, New York, NY 11010",Ashley,Khan,389
600,pumpkinlover5@gmail.com,Boo!IamGhost,"42 Wallaby Way, Sydney, Australia 13456",Mimi,Khan,185
601,notjunyang@yahoo.com,Grr12,"999 Greenrose Dr, Macomb, MI 48042",Sarah,Goldman,494
602,notjunyang@yahoo.com,DirtyDancing22,"999 Greenrose Dr, Macomb, MI 48042",Adam,Holland,737
603,dancer@gmail.com,letmeinn,"42 Wallaby Way, Sydney, Australia 13456",Rohin,Smith,714
604,juice@gmail.com,letmeinn,"65 Egg Roll Road, NY 11011",Mimi,Smith,26
605,dancer@gmail.com,YesIamBen,"65 Egg Roll Road, NY 11011",Simon,Khan,126
606,notjunyang@yahoo.com,christmas,"999 Greenrose Dr, Macomb, MI 48042",Simon,Johansson,580
607,spooky@gmail.com,DirtyDancing22,"999 Greenrose Dr, Macomb, MI 48042",Arthur,Goldman,136
608,adam@gmail.com,happyhalloween,"918 Pumpkin Hill Dr, Bensalem, PA 19020",Rohin,Crick,76
609,juice@gmail.com,happyhalloween,"116 Allen Building, Durham, NC 27708",Ogadimma,Crick,242
610,juice@gmail.com,YouWouldNotBelieveYour3y3s,"450 Malibu St, Florida 21211",Simon,Coleman,595
611,spooky@gmail.com,DirtyDancing22,"450 Malibu St, Florida 21211",Ashley,Smith,554
612,dancer@gmail.com,Boo!IamGhost,"55 Ice Cream Ave, New York, NY 11010",Adam,Crick,876
613,pumpkinlover5@gmail.com,DirtyDancing22,"55 Ice Cream Ave, New York, NY 11010",Mimi,Johansson,808
614,spooky@gmail.com,Grr12,"8323 New Avenue, Derry, NH 03038",Rohin,Smith,673
615,sarah@gmail.com,letmeinn,"55 Ice Cream Ave, New York, NY 11010",Alok,Jones,988
616,pumpkinlover5@gmail.com,YesIamBen,"918 Pumpkin Hill Dr, Bensalem, PA 19020",Ashley,Watson,823
617,notjunyang@yahoo.com,christmas,"65 Egg Roll Road, NY 11011",Catherine,Johnson,343
618,notjunyang@yahoo.com,YesIamBen,"65 Egg Roll Road, NY 11011",Rohin,Johnson,615
619,dancer@gmail.com,DirtyDancing22,"65 Egg Roll Road, NY 11011",Alok,Holland,475
620,frankenstein@gmail.com,YouWouldNotBelieveYour3y3s,"999 Greenrose Dr, Macomb, MI 48042",Rohin,Khan,756
621,notjunyang@yahoo.com,Grr12,"65 Egg Roll Road, NY 11011",Sarah,Watson,146
622,pumpkinlover5@gmail.com,LeggoMyEggo?,"65 Egg Roll Road, NY 11011",Adam,Crick,69
623,dancer@gmail.com,iluv2eatic3,"42 Wallaby Way, Sydney, Australia 13456",Sarah,Khan,271
624,adam@gmail.com,Grr12,"999 Greenrose Dr, Macomb, MI 48042",Simon,Goldman,841
625,dancer@gmail.com,YesIamBen,"918 Pumpkin Hill Dr, Bensalem, PA 19020",Catherine,Coleman,268
626,adam@gmail.com,Grr12,"55 Ice Cream Ave, New York, NY 11010",Ogadimma,Goldman,419
627,10millionfireflies@hotmail.com,YesIamBen,"8323 New Avenue, Derry, NH 03038",Rohin,Johnson,676
628,spooky@gmail.com,LeggoMyEggo?,"42 Wallaby Way, Sydney, Australia 13456",Ashley,Crick,73
629,spooky@gmail.com,YouWouldNotBelieveYour3y3s,"116 Allen Building, Durham, NC 27708",Adam,Smith,878
630,icecream@tastes.good,Boo!IamGhost,"65 Egg Roll Road, NY 11011",Arthur,Smith,131
631,notjunyang@yahoo.com,happyhalloween,"116 Allen Building, Durham, NC 27708",Sarah,Crick,379
632,pumpkinlover5@gmail.com,happyhalloween,"450 Malibu St, Florida 21211",Alok,Holland,139
633,juice@gmail.com,christmas,"55 Ice Cream Ave, New York, NY 11010",Alok,Goldman,253
634,frankenstein@gmail.com,letmeinn,"999 Greenrose Dr, Macomb, MI 48042",Adam,Johnson,588
635,icecream@tastes.good,DirtyDancing22,"65 Egg Roll Road, NY 11011",Ogadimma,Coleman,774
636,adam@gmail.com,YesIamBen,"65 Egg Roll Road, NY 11011",Ogadimma,Watson,225
637,notjunyang@yahoo.com,YouWouldNotBelieveYour3y3s,"8323 New Avenue, Derry, NH 03038",Rohin,Watson,685
638,notjunyang@yahoo.com,Grr12,"65 Egg Roll Road, NY 11011",Ashley,Coleman,259
639,sarah@gmail.com,DirtyDancing22,"8323 New Avenue, Derry, NH 03038",Ogadimma,Crick,747
640,spooky@gmail.com,DirtyDancing22,"8323 New Avenue, Derry, NH 03038",Simon,Johansson,451
641,frankenstein@gmail.com,YesIamBen,"55 Ice Cream Ave, New York, NY 11010",Alok,Coleman,402
642,frankenstein@gmail.com,happyhalloween,"55 Ice Cream Ave, New York, NY 11010",Arthur,Jones,129
643,adam@gmail.com,iluv2eatic3,"116 Allen Building, Durham, NC 27708",Adam,Holland,771
644,juice@gmail.com,christmas,"55 Ice Cream Ave, New York, NY 11010",Arthur,Johnson,212
645,frankenstein@gmail.com,DirtyDancing22,"42 Wallaby Way, Sydney, Australia 13456",Alok,Johnson,924
646,spooky@gmail.com,YesIamBen,"55 Ice Cream Ave, New York, NY 11010",Rohin,Johnson,955
647,juice@gmail.com,Grr12,"8323 New Avenue, Derry, NH 03038",Sarah,Jones,959
648,dancer@gmail.com,happyhalloween,"65 Egg Roll Road, NY 11011",Simon,Goldman,96
649,spooky@gmail.com,letmeinn,"918 Pumpkin Hill Dr, Bensalem, PA 19020",Arthur,Jones,711
650,frankenstein@gmail.com,DirtyDancing22,"65 Egg Roll Road, NY 11011",Rohin,Watson,958
651,frankenstein@gmail.com,YesIamBen,"918 Pumpkin Hill Dr, Bensalem, PA 19020",Ashley,Coleman,603
652,spooky@gmail.com,Boo!IamGhost,"918 Pumpkin Hill Dr, Bensalem, PA 19020",Catherine,Goldman,604
653,10millionfireflies@hotmail.com,YesIamBen,"918 Pumpkin Hill Dr, Bensalem, PA 19020",Rohin,Johnson,329
654,pumpkinlover5@gmail.com,christmas,"450 Malibu St, Florida 21211",Mimi,Jones,730
655,dancer@gmail.com,Grr12,"55 Ice Cream Ave, New York, NY 11010",Ashley,Goldman,42
656,dancer@gmail.com,iluv2eatic3,"918 Pumpkin Hill Dr, Bensalem, PA 19020",Sarah,Coleman,718
657,icecream@tastes.good,YouWouldNotBelieveYour3y3s,"55 Ice Cream Ave, New York, NY 11010",Adam,Coleman,384
658,pumpkinlover5@gmail.com,LeggoMyEggo?,"8323 New Avenue, Derry, NH 03038",Catherine,Holland,765
659,juice@gmail.com,DirtyDancing22,"450 Malibu St, Florida 21211",Arthur,Watson,418
660,juice@gmail.com,happyhalloween,"8323 New Avenue, Derry, NH 03038",Adam,Khan,326
661,adam@gmail.com,DirtyDancing22,"42 Wallaby Way, Sydney, Australia 13456",Arthur,Smith,726
662,10millionfireflies@hotmail.com,LeggoMyEggo?,"116 Allen Building, Durham, NC 27708",Adam,Coleman,428
663,10millionfireflies@hotmail.com,letmeinn,"116 Allen Building, Durham, NC 27708",Sarah,Johansson,792
664,10millionfireflies@hotmail.com,YouWouldNotBelieveYour3y3s,"65 Egg Roll Road, NY 11011",Catherine,Crick,14
665,spooky@gmail.com,Boo!IamGhost,"450 Malibu St, Florida 21211",Simon,Johnson,451
666,10millionfireflies@hotmail.com,iluv2eatic3,"65 Egg Roll Road, NY 11011",Simon,Jones,88
667,pumpkinlover5@gmail.com,YesIamBen,"55 Ice Cream Ave, New York, NY 11010",Rohin,Goldman,50
668,sarah@gmail.com,Grr12,"918 Pumpkin Hill Dr, Bensalem, PA 19020",Alok,Jones,534
669,spooky@gmail.com,LeggoMyEggo?,"999 Greenrose Dr, Macomb, MI 48042",Arthur,Smith,698
670,icecream@tastes.good,letmeinn,"450 Malibu St, Florida 21211",Alok,Watson,375
671,dancer@gmail.com,Grr12,"918 Pumpkin Hill Dr, Bensalem, PA 19020",Arthur,Jones,162
672,notjunyang@yahoo.com,YouWouldNotBelieveYour3y3s,"999 Greenrose Dr, Macomb, MI 48042",Alok,Khan,54
673,pumpkinlover5@gmail.com,Boo!IamGhost,"116 Allen Building, Durham, NC 27708",Ogadimma,Holland,647
674,notjunyang@yahoo.com,letmeinn,"918 Pumpkin Hill Dr, Bensalem, PA 19020",Simon,Coleman,339
675,dancer@gmail.com,iluv2eatic3,"65 Egg Roll Road, NY 11011",Catherine,Holland,66
676,pumpkinlover5@gmail.com,YesIamBen,"116 Allen Building, Durham, NC 27708",Simon,Johansson,553
677,spooky@gmail.com,YesIamBen,"450 Malibu St, Florida 21211",Rohin,Coleman,44
678,juice@gmail.com,YesIamBen,"999 Greenrose Dr, Macomb, MI 48042",Adam,Goldman,717
679,spooky@gmail.com,Boo!IamGhost,"42 Wallaby Way, Sydney, Australia 13456",Mimi,Holland,184
680,10millionfireflies@hotmail.com,LeggoMyEggo?,"116 Allen Building, Durham, NC 27708",Mimi,Holland,948
681,dancer@gmail.com,iluv2eatic3,"999 Greenrose Dr, Macomb, MI 48042",Simon,Khan,350
682,dancer@gmail.com,happyhalloween,"8323 New Avenue, Derry, NH 03038",Arthur,Holland,73
683,icecream@tastes.good,happyhalloween,"450 Malibu St, Florida 21211",Ashley,Goldman,258
684,sarah@gmail.com,happyhalloween,"116 Allen Building, Durham, NC 27708",Mimi,Crick,186
685,spooky@gmail.com,YouWouldNotBelieveYour3y3s,"116 Allen Building, Durham, NC 27708",Mimi,Crick,160
686,sarah@gmail.com,letmeinn,"55 Ice Cream Ave, New York, NY 11010",Sarah,Jones,716
687,frankenstein@gmail.com,YouWouldNotBelieveYour3y3s,"65 Egg Roll Road, NY 11011",Arthur,Jones,266
688,spooky@gmail.com,letmeinn,"116 Allen Building, Durham, NC 27708",Sarah,Goldman,32
689,notjunyang@yahoo.com,happyhalloween,"65 Egg Roll Road, NY 11011",Catherine,Watson,209
690,adam@gmail.com,YesIamBen,"116 Allen Building, Durham, NC 27708",Ashley,Holland,753
691,frankenstein@gmail.com,YesIamBen,"8323 New Avenue, Derry, NH 03038",Alok,Holland,260
692,adam@gmail.com,letmeinn,"65 Egg Roll Road, NY 11011",Arthur,Johansson,982
693,icecream@tastes.good,YesIamBen,"8323 New Avenue, Derry, NH 03038",Adam,Johnson,762
694,notjunyang@yahoo.com,DirtyDancing22,"450 Malibu St, Florida 21211",Alok,Khan,667
695,pumpkinlover5@gmail.com,Boo!IamGhost,"8323 New Avenue, Derry, NH 03038",Rohin,Khan,684
696,icecream@tastes.good,letmeinn,"116 Allen Building, Durham, NC 27708",Simon,Holland,605
697,sarah@gmail.com,iluv2eatic3,"116 Allen Building, Durham, NC 27708",Rohin,Johansson,76
698,10millionfireflies@hotmail.com,christmas,"918 Pumpkin Hill Dr, Bensalem, PA 19020",Arthur,Johnson,299
699,icecream@tastes.good,letmeinn,"450 Malibu St, Florida 21211",Arthur,Smith,799
700,10millionfireflies@hotmail.com,DirtyDancing22,"450 Malibu St, Florida 21211",Simon,Coleman,466
701,10millionfireflies@hotmail.com,DirtyDancing22,"116 Allen Building, Durham, NC 27708",Alok,Jones,679
702,frankenstein@gmail.com,letmeinn,"450 Malibu St, Florida 21211",Mimi,Holland,128
703,juice@gmail.com,happyhalloween,"999 Greenrose Dr, Macomb, MI 48042",Simon,Jones,510
704,adam@gmail.com,DirtyDancing22,"918 Pumpkin Hill Dr, Bensalem, PA 19020",Simon,Johansson,284
705,juice@gmail.com,Boo!IamGhost,"116 Allen Building, Durham, NC 27708",Adam,Johansson,879
706,frankenstein@gmail.com,LeggoMyEggo?,"918 Pumpkin Hill Dr, Bensalem, PA 19020",Alok,Coleman,912
707,notjunyang@yahoo.com,LeggoMyEggo?,"999 Greenrose Dr, Macomb, MI 48042",Simon,Jones,867
708,sarah@gmail.com,happyhalloween,"42 Wallaby Way, Sydney, Australia 13456",Rohin,Johnson,816
709,10millionfireflies@hotmail.com,iluv2eatic3,"999 Greenrose Dr, Macomb, MI 48042",Catherine,Goldman,216
710,sarah@gmail.com,YesIamBen,"450 Malibu St, Florida 21211",Alok,Johansson,253
711,spooky@gmail.com,YesIamBen,"55 Ice Cream Ave, New York, NY 11010",Ashley,Holland,189
712,10millionfireflies@hotmail.com,iluv2eatic3,"42 Wallaby Way, Sydney, Australia 13456",Simon,Watson,518
713,frankenstein@gmail.com,christmas,"42 Wallaby Way, Sydney, Australia 13456",Sarah,Holland,398
714,notjunyang@yahoo.com,Grr12,"65 Egg Roll Road, NY 11011",Arthur,Holland,226
715,juice@gmail.com,YesIamBen,"116 Allen Building, Durham, NC 27708",Alok,Holland,175
716,dancer@gmail.com,DirtyDancing22,"8323 New Avenue, Derry, NH 03038",Sarah,Khan,555
717,sarah@gmail.com,Boo!IamGhost,"918 Pumpkin Hill Dr, Bensalem, PA 19020",Arthur,Johnson,533
718,adam@gmail.com,iluv2eatic3,"116 Allen Building, Durham, NC 27708",Rohin,Coleman,490
719,sarah@gmail.com,iluv2eatic3,"918 Pumpkin Hill Dr, Bensalem, PA 19020",Alok,Holland,771
720,juice@gmail.com,iluv2eatic3,"918 Pumpkin Hill Dr, Bensalem, PA 19020",Simon,Goldman,620
721,icecream@tastes.good,letmeinn,"65 Egg Roll Road, NY 11011",Sarah,Johnson,705
722,icecream@tastes.good,YouWouldNotBelieveYour3y3s,"55 Ice Cream Ave, New York, NY 11010",Adam,Johnson,489
723,icecream@tastes.good,YesIamBen,"918 Pumpkin Hill Dr, Bensalem, PA 19020",Adam,Goldman,935
724,notjunyang@yahoo.com,YouWouldNotBelieveYour3y3s,"42 Wallaby Way, Sydney, Australia 13456",Rohin,Johnson,12
725,frankenstein@gmail.com,LeggoMyEggo?,"918 Pumpkin Hill Dr, Bensalem, PA 19020",Rohin,Crick,349
726,frankenstein@gmail.com,Grr12,"8323 New Avenue, Derry, NH 03038",Catherine,Smith,18
727,notjunyang@yahoo.com,YesIamBen,"55 Ice Cream Ave, New York, NY 11010",Mimi,Goldman,735
728,juice@gmail.com,LeggoMyEggo?,"450 Malibu St, Florida 21211",Rohin,Watson,800
729,sarah@gmail.com,Boo!IamGhost,"42 Wallaby Way, Sydney, Australia 13456",Mimi,Jones,778
730,pumpkinlover5@gmail.com,Boo!IamGhost,"116 Allen Building, Durham, NC 27708",Simon,Johansson,453
731,juice@gmail.com,Boo!IamGhost,"42 Wallaby Way, Sydney, Australia 13456",Alok,Goldman,657
732,frankenstein@gmail.com,DirtyDancing22,"65 Egg Roll Road, NY 11011",Arthur,Khan,442
733,10millionfireflies@hotmail.com,happyhalloween,"55 Ice Cream Ave, New York, NY 11010",Arthur,Crick,570
734,juice@gmail.com,iluv2eatic3,"999 Greenrose Dr, Macomb, MI 48042",Simon,Smith,5
735,sarah@gmail.com,YesIamBen,"918 Pumpkin Hill Dr, Bensalem, PA 19020",Sarah,Johnson,853
736,frankenstein@gmail.com,letmeinn,"55 Ice Cream Ave, New York, NY 11010",Simon,Johansson,917
737,icecream@tastes.good,YesIamBen,"65 Egg Roll Road, NY 11011",Catherine,Crick,586
738,spooky@gmail.com,DirtyDancing22,"999 Greenrose Dr, Macomb, MI 48042",Ogadimma,Smith,701
739,dancer@gmail.com,Grr12,"116 Allen Building, Durham, NC 27708",Catherine,Jones,531
740,notjunyang@yahoo.com,LeggoMyEggo?,"116 Allen Building, Durham, NC 27708",Sarah,Holland,313
741,dancer@gmail.com,YesIamBen,"8323 New Avenue, Derry, NH 03038",Sarah,Jones,115
742,notjunyang@yahoo.com,Boo!IamGhost,"55 Ice Cream Ave, New York, NY 11010",Sarah,Smith,866
743,adam@gmail.com,LeggoMyEggo?,"42 Wallaby Way, Sydney, Australia 13456",Adam,Jones,574
744,sarah@gmail.com,happyhalloween,"999 Greenrose Dr, Macomb, MI 48042",Adam,Watson,78
745,notjunyang@yahoo.com,LeggoMyEggo?,"450 Malibu St, Florida 21211",Adam,Coleman,626
746,spooky@gmail.com,happyhalloween,"8323 New Avenue, Derry, NH 03038",Ogadimma,Watson,908
747,spooky@gmail.com,happyhalloween,"116 Allen Building, Durham, NC 27708",Alok,Holland,350
748,juice@gmail.com,happyhalloween,"450 Malibu St, Florida 21211",Alok,Holland,787
749,icecream@tastes.good,christmas,"999 Greenrose Dr, Macomb, MI 48042",Adam,Jones,376
750,10millionfireflies@hotmail.com,iluv2eatic3,"116 Allen Building, Durham, NC 27708",Ogadimma,Johansson,666
751,icecream@tastes.good,Grr12,"8323 New Avenue, Derry, NH 03038",Mimi,Khan,376
752,sarah@gmail.com,YesIamBen,"999 Greenrose Dr, Macomb, MI 48042",Mimi,Coleman,289
753,notjunyang@yahoo.com,iluv2eatic3,"42 Wallaby Way, Sydney, Australia 13456",Arthur,Johnson,612
754,frankenstein@gmail.com,Grr12,"116 Allen Building, Durham, NC 27708",Ogadimma,Smith,974
755,pumpkinlover5@gmail.com,happyhalloween,"8323 New Avenue, Derry, NH 03038",Simon,Khan,811
756,adam@gmail.com,iluv2eatic3,"918 Pumpkin Hill Dr, Bensalem, PA 19020",Mimi,Jones,344
757,spooky@gmail.com,happyhalloween,"116 Allen Building, Durham, NC 27708",Ogadimma,Johnson,354
758,10millionfireflies@hotmail.com,iluv2eatic3,"65 Egg Roll Road, NY 11011",Mimi,Holland,246
759,juice@gmail.com,iluv2eatic3,"918 Pumpkin Hill Dr, Bensalem, PA 19020",Simon,Johnson,326
760,spooky@gmail.com,christmas,"450 Malibu St, Florida 21211",Ashley,Goldman,214
761,juice@gmail.com,LeggoMyEggo?,"42 Wallaby Way, Sydney, Australia 13456",Alok,Watson,712
762,icecream@tastes.good,YouWouldNotBelieveYour3y3s,"42 Wallaby Way, Sydney, Australia 13456",Mimi,Johansson,970
763,dancer@gmail.com,Boo!IamGhost,"8323 New Avenue, Derry, NH 03038",Ashley,Watson,937
764,sarah@gmail.com,Boo!IamGhost,"918 Pumpkin Hill Dr, Bensalem, PA 19020",Sarah,Smith,527
765,10millionfireflies@hotmail.com,LeggoMyEggo?,"918 Pumpkin Hill Dr, Bensalem, PA 19020",Arthur,Coleman,111
766,frankenstein@gmail.com,DirtyDancing22,"918 Pumpkin Hill Dr, Bensalem, PA 19020",Adam,Crick,614
767,pumpkinlover5@gmail.com,christmas,"55 Ice Cream Ave, New York, NY 11010",Ogadimma,Goldman,905
768,spooky@gmail.com,YouWouldNotBelieveYour3y3s,"999 Greenrose Dr, Macomb, MI 48042",Arthur,Goldman,58
769,sarah@gmail.com,letmeinn,"450 Malibu St, Florida 21211",Ashley,Khan,604
770,adam@gmail.com,Grr12,"42 Wallaby Way, Sydney, Australia 13456",Arthur,Johansson,632
771,pumpkinlover5@gmail.com,YesIamBen,"999 Greenrose Dr, Macomb, MI 48042",Sarah,Coleman,140
772,frankenstein@gmail.com,Grr12,"8323 New Avenue, Derry, NH 03038",Catherine,Johnson,103
773,pumpkinlover5@gmail.com,DirtyDancing22,"8323 New Avenue, Derry, NH 03038",Adam,Holland,857
774,sarah@gmail.com,Boo!IamGhost,"999 Greenrose Dr, Macomb, MI 48042",Alok,Coleman,328
775,notjunyang@yahoo.com,Boo!IamGhost,"116 Allen Building, Durham, NC 27708",Mimi,Holland,686
776,juice@gmail.com,LeggoMyEggo?,"55 Ice Cream Ave, New York, NY 11010",Sarah,Johnson,597
777,juice@gmail.com,YesIamBen,"450 Malibu St, Florida 21211",Mimi,Goldman,113
778,icecream@tastes.good,YesIamBen,"918 Pumpkin Hill Dr, Bensalem, PA 19020",Ogadimma,Watson,664
779,notjunyang@yahoo.com,happyhalloween,"918 Pumpkin Hill Dr, Bensalem, PA 19020",Arthur,Smith,630
780,pumpkinlover5@gmail.com,DirtyDancing22,"8323 New Avenue, Derry, NH 03038",Ashley,Khan,329
781,adam@gmail.com,YesIamBen,"8323 New Avenue, Derry, NH 03038",Alok,Coleman,991
782,dancer@gmail.com,Boo!IamGhost,"42 Wallaby Way, Sydney, Australia 13456",Alok,Smith,2
783,notjunyang@yahoo.com,happyhalloween,"42 Wallaby Way, Sydney, Australia 13456",Alok,Coleman,878
784,notjunyang@yahoo.com,YesIamBen,"918 Pumpkin Hill Dr, Bensalem, PA 19020",Rohin,Watson,590
785,10millionfireflies@hotmail.com,Grr12,"8323 New Avenue, Derry, NH 03038",Adam,Holland,194
786,10millionfireflies@hotmail.com,DirtyDancing22,"116 Allen Building, Durham, NC 27708",Rohin,Jones,50
787,icecream@tastes.good,LeggoMyEggo?,"55 Ice Cream Ave, New York, NY 11010",Rohin,Watson,840
788,juice@gmail.com,happyhalloween,"65 Egg Roll Road, NY 11011",Ogadimma,Holland,716
789,juice@gmail.com,happyhalloween,"42 Wallaby Way, Sydney, Australia 13456",Ogadimma,Coleman,119
790,pumpkinlover5@gmail.com,Boo!IamGhost,"42 Wallaby Way, Sydney, Australia 13456",Rohin,Watson,337
791,spooky@gmail.com,DirtyDancing22,"65 Egg Roll Road, NY 11011",Adam,Goldman,775
792,notjunyang@yahoo.com,iluv2eatic3,"55 Ice Cream Ave, New York, NY 11010",Catherine,Johansson,384
793,pumpkinlover5@gmail.com,happyhalloween,"450 Malibu St, Florida 21211",Rohin,Jones,8
794,adam@gmail.com,Grr12,"116 Allen Building, Durham, NC 27708",Simon,Coleman,696
795,icecream@tastes.good,YouWouldNotBelieveYour3y3s,"55 Ice Cream Ave, New York, NY 11010",Mimi,Goldman,853
796,frankenstein@gmail.com,Grr12,"116 Allen Building, Durham, NC 27708",Arthur,Johansson,132
797,dancer@gmail.com,LeggoMyEggo?,"450 Malibu St, Florida 21211",Sarah,Holland,705
798,notjunyang@yahoo.com,DirtyDancing22,"450 Malibu St, Florida 21211",Mimi,Johansson,516
799,10millionfireflies@hotmail.com,Grr12,"450 Malibu St, Florida 21211",Simon,Jones,422
800,juice@gmail.com,happyhalloween,"55 Ice Cream Ave, New York, NY 11010",Alok,Johnson,489
801,adam@gmail.com,YouWouldNotBelieveYour3y3s,"42 Wallaby Way, Sydney, Australia 13456",Adam,Crick,11
802,spooky@gmail.com,letmeinn,"116 Allen Building, Durham, NC 27708",Alok,Johnson,313
803,pumpkinlover5@gmail.com,iluv2eatic3,"450 Malibu St, Florida 21211",Arthur,Coleman,846
804,juice@gmail.com,letmeinn,"55 Ice Cream Ave, New York, NY 11010",Adam,Coleman,86
805,10millionfireflies@hotmail.com,DirtyDancing22,"999 Greenrose Dr, Macomb, MI 48042",Arthur,Goldman,61
806,spooky@gmail.com,christmas,"42 Wallaby Way, Sydney, Australia 13456",Arthur,Goldman,974
807,dancer@gmail.com,YesIamBen,"450 Malibu St, Florida 21211",Catherine,Watson,470
808,spooky@gmail.com,LeggoMyEggo?,"55 Ice Cream Ave, New York, NY 11010",Ashley,Goldman,783
809,sarah@gmail.com,Grr12,"65 Egg Roll Road, NY 11011",Alok,Holland,520
810,adam@gmail.com,YesIamBen,"116 Allen Building, Durham, NC 27708",Alok,Khan,537
811,notjunyang@yahoo.com,Grr12,"55 Ice Cream Ave, New York, NY 11010",Ashley,Smith,121
812,pumpkinlover5@gmail.com,happyhalloween,"450 Malibu St, Florida 21211",Alok,Johansson,683
813,dancer@gmail.com,iluv2eatic3,"65 Egg Roll Road, NY 11011",Alok,Johnson,422
814,notjunyang@yahoo.com,DirtyDancing22,"8323 New Avenue, Derry, NH 03038",Mimi,Holland,584
815,sarah@gmail.com,DirtyDancing22,"65 Egg Roll Road, NY 11011",Arthur,Smith,140
816,dancer@gmail.com,happyhalloween,"116 Allen Building, Durham, NC 27708",Simon,Johansson,458
817,10millionfireflies@hotmail.com,Boo!IamGhost,"8323 New Avenue, Derry, NH 03038",Ogadimma,Holland,285
818,dancer@gmail.com,iluv2eatic3,"42 Wallaby Way, Sydney, Australia 13456",Ashley,Johnson,393
819,adam@gmail.com,Boo!IamGhost,"999 Greenrose Dr, Macomb, MI 48042",Sarah,Johnson,177
820,frankenstein@gmail.com,LeggoMyEggo?,"65 Egg Roll Road, NY 11011",Mimi,Smith,816
821,icecream@tastes.good,iluv2eatic3,"918 Pumpkin Hill Dr, Bensalem, PA 19020",Simon,Khan,85
822,adam@gmail.com,YesIamBen,"999 Greenrose Dr, Macomb, MI 48042",Rohin,Holland,101
823,notjunyang@yahoo.com,Boo!IamGhost,"918 Pumpkin Hill Dr, Bensalem, PA 19020",Catherine,Crick,287
824,notjunyang@yahoo.com,YesIamBen,"999 Greenrose Dr, Macomb, MI 48042",Alok,Smith,182
825,juice@gmail.com,christmas,"918 Pumpkin Hill Dr, Bensalem, PA 19020",Ashley,Khan,790
826,adam@gmail.com,LeggoMyEggo?,"999 Greenrose Dr, Macomb, MI 48042",Catherine,Holland,764
827,juice@gmail.com,christmas,"42 Wallaby Way, Sydney, Australia 13456",Sarah,Khan,867
828,juice@gmail.com,happyhalloween,"450 Malibu St, Florida 21211",Catherine,Johansson,158
829,pumpkinlover5@gmail.com,iluv2eatic3,"999 Greenrose Dr, Macomb, MI 48042",Ashley,Goldman,431
830,frankenstein@gmail.com,iluv2eatic3,"999 Greenrose Dr, Macomb, MI 48042",Arthur,Watson,109
831,sarah@gmail.com,YouWouldNotBelieveYour3y3s,"42 Wallaby Way, Sydney, Australia 13456",Arthur,Goldman,401
832,dancer@gmail.com,YouWouldNotBelieveYour3y3s,"8323 New Avenue, Derry, NH 03038",Arthur,Jones,908
833,icecream@tastes.good,YouWouldNotBelieveYour3y3s,"999 Greenrose Dr, Macomb, MI 48042",Adam,Smith,289
834,juice@gmail.com,christmas,"55 Ice Cream Ave, New York, NY 11010",Arthur,Goldman,620
835,juice@gmail.com,letmeinn,"450 Malibu St, Florida 21211",Ashley,Crick,271
836,spooky@gmail.com,letmeinn,"450 Malibu St, Florida 21211",Catherine,Johansson,998
837,pumpkinlover5@gmail.com,happyhalloween,"999 Greenrose Dr, Macomb, MI 48042",Catherine,Goldman,291
838,spooky@gmail.com,happyhalloween,"116 Allen Building, Durham, NC 27708",Sarah,Coleman,270
839,dancer@gmail.com,LeggoMyEggo?,"918 Pumpkin Hill Dr, Bensalem, PA 19020",Alok,Smith,677
840,frankenstein@gmail.com,LeggoMyEggo?,"65 Egg Roll Road, NY 11011",Catherine,Goldman,223
841,10millionfireflies@hotmail.com,YouWouldNotBelieveYour3y3s,"42 Wallaby Way, Sydney, Australia 13456",Arthur,Holland,496
842,frankenstein@gmail.com,letmeinn,"999 Greenrose Dr, Macomb, MI 48042",Catherine,Johansson,575
843,spooky@gmail.com,DirtyDancing22,"116 Allen Building, Durham, NC 27708",Sarah,Johansson,475
844,spooky@gmail.com,LeggoMyEggo?,"65 Egg Roll Road, NY 11011",Alok,Crick,83
845,10millionfireflies@hotmail.com,christmas,"8323 New Avenue, Derry, NH 03038",Catherine,Coleman,38
846,icecream@tastes.good,Grr12,"55 Ice Cream Ave, New York, NY 11010",Alok,Goldman,233
847,icecream@tastes.good,LeggoMyEggo?,"55 Ice Cream Ave, New York, NY 11010",Sarah,Goldman,516
848,dancer@gmail.com,iluv2eatic3,"918 Pumpkin Hill Dr, Bensalem, PA 19020",Rohin,Smith,480
849,pumpkinlover5@gmail.com,Grr12,"918 Pumpkin Hill Dr, Bensalem, PA 19020",Adam,Coleman,673
850,pumpkinlover5@gmail.com,YouWouldNotBelieveYour3y3s,"999 Greenrose Dr, Macomb, MI 48042",Rohin,Crick,836
851,icecream@tastes.good,LeggoMyEggo?,"116 Allen Building, Durham, NC 27708",Sarah,Holland,318
852,adam@gmail.com,YouWouldNotBelieveYour3y3s,"116 Allen Building, Durham, NC 27708",Adam,Goldman,19
853,juice@gmail.com,happyhalloween,"116 Allen Building, Durham, NC 27708",Sarah,Holland,591
854,pumpkinlover5@gmail.com,Boo!IamGhost,"8323 New Avenue, Derry, NH 03038",Rohin,Smith,842
855,pumpkinlover5@gmail.com,DirtyDancing22,"999 Greenrose Dr, Macomb, MI 48042",Alok,Johansson,752
856,10millionfireflies@hotmail.com,letmeinn,"8323 New Avenue, Derry, NH 03038",Mimi,Holland,594
857,icecream@tastes.good,happyhalloween,"65 Egg Roll Road, NY 11011",Alok,Jones,599
858,pumpkinlover5@gmail.com,iluv2eatic3,"65 Egg Roll Road, NY 11011",Simon,Crick,558
859,dancer@gmail.com,DirtyDancing22,"999 Greenrose Dr, Macomb, MI 48042",Adam,Holland,836
860,icecream@tastes.good,happyhalloween,"116 Allen Building, Durham, NC 27708",Ogadimma,Johansson,893
861,notjunyang@yahoo.com,Grr12,"65 Egg Roll Road, NY 11011",Simon,Holland,621
862,sarah@gmail.com,Grr12,"999 Greenrose Dr, Macomb, MI 48042",Ogadimma,Johansson,498
863,frankenstein@gmail.com,iluv2eatic3,"55 Ice Cream Ave, New York, NY 11010",Rohin,Watson,98
864,frankenstein@gmail.com,YouWouldNotBelieveYour3y3s,"55 Ice Cream Ave, New York, NY 11010",Ogadimma,Johansson,75
865,sarah@gmail.com,letmeinn,"450 Malibu St, Florida 21211",Adam,Jones,77
866,adam@gmail.com,iluv2eatic3,"55 Ice Cream Ave, New York, NY 11010",Catherine,Smith,603
867,adam@gmail.com,letmeinn,"55 Ice Cream Ave, New York, NY 11010",Simon,Goldman,612
868,pumpkinlover5@gmail.com,YouWouldNotBelieveYour3y3s,"999 Greenrose Dr, Macomb, MI 48042",Arthur,Coleman,43
869,10millionfireflies@hotmail.com,letmeinn,"65 Egg Roll Road, NY 11011",Ogadimma,Khan,304
870,notjunyang@yahoo.com,YesIamBen,"55 Ice Cream Ave, New York, NY 11010",Ogadimma,Jones,828
871,juice@gmail.com,YesIamBen,"450 Malibu St, Florida 21211",Arthur,Johnson,503
872,pumpkinlover5@gmail.com,Boo!IamGhost,"55 Ice Cream Ave, New York, NY 11010",Sarah,Holland,504
873,spooky@gmail.com,happyhalloween,"450 Malibu St, Florida 21211",Alok,Goldman,205
874,frankenstein@gmail.com,YouWouldNotBelieveYour3y3s,"55 Ice Cream Ave, New York, NY 11010",Mimi,Johansson,909
875,dancer@gmail.com,DirtyDancing22,"450 Malibu St, Florida 21211",Rohin,Khan,605
876,notjunyang@yahoo.com,letmeinn,"8323 New Avenue, Derry, NH 03038",Simon,Coleman,422
877,10millionfireflies@hotmail.com,YesIamBen,"999 Greenrose Dr, Macomb, MI 48042",Simon,Smith,368
878,frankenstein@gmail.com,iluv2eatic3,"999 Greenrose Dr, Macomb, MI 48042",Adam,Khan,903
879,spooky@gmail.com,christmas,"65 Egg Roll Road, NY 11011",Sarah,Holland,967
880,10millionfireflies@hotmail.com,happyhalloween,"116 Allen Building, Durham, NC 27708",Adam,Coleman,649
881,frankenstein@gmail.com,iluv2eatic3,"999 Greenrose Dr, Macomb, MI 48042",Ashley,Johansson,117
882,10millionfireflies@hotmail.com,DirtyDancing22,"42 Wallaby Way, Sydney, Australia 13456",Catherine,Khan,775
883,frankenstein@gmail.com,YesIamBen,"999 Greenrose Dr, Macomb, MI 48042",Mimi,Crick,28
884,dancer@gmail.com,letmeinn,"999 Greenrose Dr, Macomb, MI 48042",Ogadimma,Jones,561
885,frankenstein@gmail.com,Grr12,"42 Wallaby Way, Sydney, Australia 13456",Ogadimma,Crick,547
886,sarah@gmail.com,iluv2eatic3,"42 Wallaby Way, Sydney, Australia 13456",Sarah,Holland,640
887,frankenstein@gmail.com,happyhalloween,"999 Greenrose Dr, Macomb, MI 48042",Mimi,Watson,868
888,notjunyang@yahoo.com,letmeinn,"42 Wallaby Way, Sydney, Australia 13456",Simon,Khan,770
889,adam@gmail.com,christmas,"999 Greenrose Dr, Macomb, MI 48042",Mimi,Watson,246
890,pumpkinlover5@gmail.com,iluv2eatic3,"999 Greenrose Dr, Macomb, MI 48042",Rohin,Holland,27
891,pumpkinlover5@gmail.com,LeggoMyEggo?,"116 Allen Building, Durham, NC 27708",Mimi,Jones,51
892,sarah@gmail.com,YesIamBen,"8323 New Avenue, Derry, NH 03038",Arthur,Crick,959
893,dancer@gmail.com,Boo!IamGhost,"8323 New Avenue, Derry, NH 03038",Sarah,Jones,482
894,dancer@gmail.com,YesIamBen,"8323 New Avenue, Derry, NH 03038",Sarah,Smith,251
895,dancer@gmail.com,happyhalloween,"999 Greenrose Dr, Macomb, MI 48042",Catherine,Jones,758
896,pumpkinlover5@gmail.com,Grr12,"42 Wallaby Way, Sydney, Australia 13456",Sarah,Watson,299
897,juice@gmail.com,happyhalloween,"65 Egg Roll Road, NY 11011",Rohin,Holland,777
898,notjunyang@yahoo.com,Grr12,"65 Egg Roll Road, NY 11011",Simon,Johansson,605
899,adam@gmail.com,Boo!IamGhost,"999 Greenrose Dr, Macomb, MI 48042",Sarah,Goldman,478
900,notjunyang@yahoo.com,LeggoMyEggo?,"918 Pumpkin Hill Dr, Bensalem, PA 19020",Ashley,Holland,522
901,10millionfireflies@hotmail.com,YouWouldNotBelieveYour3y3s,"918 Pumpkin Hill Dr, Bensalem, PA 19020",Ogadimma,Jones,917
902,dancer@gmail.com,YesIamBen,"450 Malibu St, Florida 21211",Sarah,Smith,576
903,icecream@tastes.good,YesIamBen,"65 Egg Roll Road, NY 11011",Mimi,Jones,345
904,notjunyang@yahoo.com,happyhalloween,"8323 New Avenue, Derry, NH 03038",Sarah,Watson,156
905,notjunyang@yahoo.com,Grr12,"42 Wallaby Way, Sydney, Australia 13456",Rohin,Khan,924
906,notjunyang@yahoo.com,Boo!IamGhost,"42 Wallaby Way, Sydney, Australia 13456",Sarah,Johansson,675
907,frankenstein@gmail.com,happyhalloween,"8323 New Avenue, Derry, NH 03038",Arthur,Watson,551
908,sarah@gmail.com,iluv2eatic3,"65 Egg Roll Road, NY 11011",Ashley,Johansson,918
909,spooky@gmail.com,Boo!IamGhost,"42 Wallaby Way, Sydney, Australia 13456",Ashley,Watson,474
910,sarah@gmail.com,iluv2eatic3,"42 Wallaby Way, Sydney, Australia 13456",Rohin,Holland,148
911,icecream@tastes.good,YouWouldNotBelieveYour3y3s,"918 Pumpkin Hill Dr, Bensalem, PA 19020",Ashley,Jones,735
912,icecream@tastes.good,YesIamBen,"918 Pumpkin Hill Dr, Bensalem, PA 19020",Alok,Coleman,829
913,icecream@tastes.good,iluv2eatic3,"450 Malibu St, Florida 21211",Mimi,Holland,868
914,adam@gmail.com,YouWouldNotBelieveYour3y3s,"8323 New Avenue, Derry, NH 03038",Catherine,Holland,318
915,adam@gmail.com,letmeinn,"55 Ice Cream Ave, New York, NY 11010",Sarah,Watson,517
916,adam@gmail.com,christmas,"42 Wallaby Way, Sydney, Australia 13456",Mimi,Jones,975
917,dancer@gmail.com,YouWouldNotBelieveYour3y3s,"42 Wallaby Way, Sydney, Australia 13456",Alok,Holland,89
918,juice@gmail.com,LeggoMyEggo?,"42 Wallaby Way, Sydney, Australia 13456",Arthur,Smith,789
919,frankenstein@gmail.com,YesIamBen,"55 Ice Cream Ave, New York, NY 11010",Arthur,Holland,877
920,pumpkinlover5@gmail.com,happyhalloween,"55 Ice Cream Ave, New York, NY 11010",Arthur,Johnson,324
921,pumpkinlover5@gmail.com,DirtyDancing22,"450 Malibu St, Florida 21211",Mimi,Johnson,981
922,sarah@gmail.com,iluv2eatic3,"999 Greenrose Dr, Macomb, MI 48042",Ashley,Watson,59
923,pumpkinlover5@gmail.com,Boo!IamGhost,"42 Wallaby Way, Sydney, Australia 13456",Catherine,Smith,373
924,adam@gmail.com,LeggoMyEggo?,"918 Pumpkin Hill Dr, Bensalem, PA 19020",Ogadimma,Holland,511
925,pumpkinlover5@gmail.com,YouWouldNotBelieveYour3y3s,"55 Ice Cream Ave, New York, NY 11010",Simon,Watson,870
926,sarah@gmail.com,letmeinn,"999 Greenrose Dr, Macomb, MI 48042",Sarah,Johansson,369
927,pumpkinlover5@gmail.com,iluv2eatic3,"8323 New Avenue, Derry, NH 03038",Ashley,Smith,561
928,sarah@gmail.com,Grr12,"8323 New Avenue, Derry, NH 03038",Arthur,Holland,691
929,notjunyang@yahoo.com,DirtyDancing22,"116 Allen Building, Durham, NC 27708",Mimi,Johnson,359
930,juice@gmail.com,iluv2eatic3,"65 Egg Roll Road, NY 11011",Simon,Holland,472
931,notjunyang@yahoo.com,letmeinn,"8323 New Avenue, Derry, NH 03038",Adam,Holland,11
932,notjunyang@yahoo.com,iluv2eatic3,"55 Ice Cream Ave, New York, NY 11010",Ogadimma,Crick,511
933,dancer@gmail.com,YouWouldNotBelieveYour3y3s,"65 Egg Roll Road, NY 11011",Catherine,Holland,550
934,10millionfireflies@hotmail.com,iluv2eatic3,"450 Malibu St, Florida 21211",Arthur,Holland,409
935,dancer@gmail.com,YesIamBen,"450 Malibu St, Florida 21211",Sarah,Johansson,58
936,notjunyang@yahoo.com,iluv2eatic3,"999 Greenrose Dr, Macomb, MI 48042",Rohin,Smith,967
937,frankenstein@gmail.com,YouWouldNotBelieveYour3y3s,"999 Greenrose Dr, Macomb, MI 48042",Catherine,Smith,601
938,adam@gmail.com,LeggoMyEggo?,"918 Pumpkin Hill Dr, Bensalem, PA 19020",Adam,Goldman,74
939,adam@gmail.com,iluv2eatic3,"42 Wallaby Way, Sydney, Australia 13456",Arthur,Johansson,543
940,frankenstein@gmail.com,letmeinn,"8323 New Avenue, Derry, NH 03038",Rohin,Crick,694
941,adam@gmail.com,Grr12,"999 Greenrose Dr, Macomb, MI 48042",Sarah,Watson,6
942,icecream@tastes.good,Grr12,"918 Pumpkin Hill Dr, Bensalem, PA 19020",Alok,Coleman,603
943,frankenstein@gmail.com,christmas,"999 Greenrose Dr, Macomb, MI 48042",Rohin,Khan,712
944,frankenstein@gmail.com,happyhalloween,"999 Greenrose Dr, Macomb, MI 48042",Sarah,Goldman,555
945,10millionfireflies@hotmail.com,Grr12,"65 Egg Roll Road, NY 11011",Sarah,Smith,631
946,dancer@gmail.com,YesIamBen,"918 Pumpkin Hill Dr, Bensalem, PA 19020",Simon,Jones,92
947,spooky@gmail.com,YouWouldNotBelieveYour3y3s,"55 Ice Cream Ave, New York, NY 11010",Mimi,Khan,133
948,dancer@gmail.com,YesIamBen,"999 Greenrose Dr, Macomb, MI 48042",Simon,Coleman,126
949,spooky@gmail.com,Boo!IamGhost,"450 Malibu St, Florida 21211",Sarah,Johnson,711
950,adam@gmail.com,Boo!IamGhost,"116 Allen Building, Durham, NC 27708",Rohin,Coleman,877
951,frankenstein@gmail.com,YouWouldNotBelieveYour3y3s,"450 Malibu St, Florida 21211",Ashley,Holland,244
952,pumpkinlover5@gmail.com,DirtyDancing22,"55 Ice Cream Ave, New York, NY 11010",Adam,Jones,116
953,notjunyang@yahoo.com,YesIamBen,"42 Wallaby Way, Sydney, Australia 13456",Simon,Smith,845
954,adam@gmail.com,happyhalloween,"918 Pumpkin Hill Dr, Bensalem, PA 19020",Sarah,Coleman,121
955,juice@gmail.com,DirtyDancing22,"8323 New Avenue, Derry, NH 03038",Rohin,Holland,377
956,pumpkinlover5@gmail.com,letmeinn,"450 Malibu St, Florida 21211",Ashley,Holland,669
957,notjunyang@yahoo.com,happyhalloween,"65 Egg Roll Road, NY 11011",Arthur,Watson,307
958,10millionfireflies@hotmail.com,YesIamBen,"999 Greenrose Dr, Macomb, MI 48042",Sarah,Johansson,899
959,juice@gmail.com,YesIamBen,"999 Greenrose Dr, Macomb, MI 48042",Mimi,Holland,901
960,sarah@gmail.com,LeggoMyEggo?,"55 Ice Cream Ave, New York, NY 11010",Catherine,Johnson,589
961,spooky@gmail.com,christmas,"42 Wallaby Way, Sydney, Australia 13456",Adam,Jones,414
962,juice@gmail.com,Grr12,"55 Ice Cream Ave, New York, NY 11010",Sarah,Johansson,506
963,spooky@gmail.com,LeggoMyEggo?,"8323 New Avenue, Derry, NH 03038",Simon,Smith,404
964,10millionfireflies@hotmail.com,Boo!IamGhost,"116 Allen Building, Durham, NC 27708",Alok,Watson,194
965,adam@gmail.com,christmas,"42 Wallaby Way, Sydney, Australia 13456",Rohin,Smith,269
966,pumpkinlover5@gmail.com,christmas,"999 Greenrose Dr, Macomb, MI 48042",Sarah,Watson,216
967,pumpkinlover5@gmail.com,Boo!IamGhost,"65 Egg Roll Road, NY 11011",Catherine,Johansson,322
968,icecream@tastes.good,christmas,"918 Pumpkin Hill Dr, Bensalem, PA 19020",Arthur,Watson,567
969,10millionfireflies@hotmail.com,happyhalloween,"999 Greenrose Dr, Macomb, MI 48042",Adam,Johnson,151
970,frankenstein@gmail.com,DirtyDancing22,"65 Egg Roll Road, NY 11011",Rohin,Khan,457
971,sarah@gmail.com,YouWouldNotBelieveYour3y3s,"918 Pumpkin Hill Dr, Bensalem, PA 19020",Catherine,Watson,312
972,dancer@gmail.com,Boo!IamGhost,"918 Pumpkin Hill Dr, Bensalem, PA 19020",Adam,Smith,754
973,10millionfireflies@hotmail.com,YouWouldNotBelieveYour3y3s,"65 Egg Roll Road, NY 11011",Sarah,Goldman,238
974,juice@gmail.com,letmeinn,"55 Ice Cream Ave, New York, NY 11010",Rohin,Goldman,675
975,sarah@gmail.com,happyhalloween,"999 Greenrose Dr, Macomb, MI 48042",Ogadimma,Coleman,889
976,notjunyang@yahoo.com,LeggoMyEggo?,"116 Allen Building, Durham, NC 27708",Ashley,Watson,213
977,adam@gmail.com,letmeinn,"450 Malibu St, Florida 21211",Mimi,Coleman,580
978,icecream@tastes.good,YouWouldNotBelieveYour3y3s,"450 Malibu St, Florida 21211",Mimi,Smith,979
979,sarah@gmail.com,DirtyDancing22,"918 Pumpkin Hill Dr, Bensalem, PA 19020",Alok,Smith,803
980,10millionfireflies@hotmail.com,Boo!IamGhost,"918 Pumpkin Hill Dr, Bensalem, PA 19020",Alok,Goldman,700
981,sarah@gmail.com,YesIamBen,"918 Pumpkin Hill Dr, Bensalem, PA 19020",Mimi,Crick,624
982,dancer@gmail.com,letmeinn,"55 Ice Cream Ave, New York, NY 11010",Rohin,Coleman,944
983,adam@gmail.com,iluv2eatic3,"65 Egg Roll Road, NY 11011",Ogadimma,Johnson,520
984,frankenstein@gmail.com,Grr12,"55 Ice Cream Ave, New York, NY 11010",Ashley,Johansson,262
985,10millionfireflies@hotmail.com,LeggoMyEggo?,"918 Pumpkin Hill Dr, Bensalem, PA 19020",Adam,Jones,949
986,juice@gmail.com,christmas,"65 Egg Roll Road, NY 11011",Mimi,Smith,177
987,pumpkinlover5@gmail.com,YesIamBen,"116 Allen Building, Durham, NC 27708",Catherine,Johansson,719
988,juice@gmail.com,DirtyDancing22,"8323 New Avenue, Derry, NH 03038",Rohin,Jones,93
989,frankenstein@gmail.com,letmeinn,"8323 New Avenue, Derry, NH 03038",Adam,Holland,845
990,10millionfireflies@hotmail.com,YouWouldNotBelieveYour3y3s,"42 Wallaby Way, Sydney, Australia 13456",Mimi,Smith,774
991,juice@gmail.com,christmas,"918 Pumpkin Hill Dr, Bensalem, PA 19020",Alok,Jones,915
992,sarah@gmail.com,LeggoMyEggo?,"918 Pumpkin Hill Dr, Bensalem, PA 19020",Ashley,Smith,42
993,juice@gmail.com,DirtyDancing22,"450 Malibu St, Florida 21211",Adam,Johnson,832
994,adam@gmail.com,Grr12,"55 Ice Cream Ave, New York, NY 11010",Alok,Khan,560
995,dancer@gmail.com,LeggoMyEggo?,"450 Malibu St, Florida 21211",Adam,Coleman,926
996,juice@gmail.com,YouWouldNotBelieveYour3y3s,"42 Wallaby Way, Sydney, Australia 13456",Arthur,Johansson,533
997,spooky@gmail.com,letmeinn,"999 Greenrose Dr, Macomb, MI 48042",Simon,Johansson,47
998,spooky@gmail.com,Grr12,"42 Wallaby Way, Sydney, Australia 13456",Catherine,Holland,682
999,frankenstein@gmail.com,happyhalloween,"450 Malibu St, Florida 21211",Catherine,Smith,170
