0,AKtnCRtuyL@UqhEcLEwBU,Boo!IamGhost,"8323 New Avenue, Derry, NH 03038",Mimi,Smith,147
1,GTpyNpSzRu@lBtvkxUccL,DirtyDancing22,"55 Ice Cream Ave, New York, NY 11010",Sarah,Coleman,15
2,zzlrRFRSCi@eoSXigrstQ,happyhalloween,"42 Wallaby Way, Sydney, Australia 13456",Catherine,Johansson,75
3,zJvcSdUhaO@VAHxMHhsVS,YesIamBen,"918 Pumpkin Hill Dr, Bensalem, PA 19020",Ogadimma,Smith,452
4,kxSwGKIlpw@TqjcQfSGai,YesIamBen,"999 Greenrose Dr, Macomb, MI 48042",Catherine,Khan,63
5,mljluDCqcj@CIXKuivEKf,iluv2eatic3,"65 Egg Roll Road, NY 11011",Arthur,Johansson,478
6,qEzPOwBUHe@OXajODUDTt,YouWouldNotBelieveYour3y3s,"918 Pumpkin Hill Dr, Bensalem, PA 19020",Alok,Smith,938
7,hAPlqdzrLr@Ztmrvxhisx,LeggoMyEggo?,"55 Ice Cream Ave, New York, NY 11010",Ogadimma,Crick,364
8,fIyohCpzyv@qOClPUCkqd,iluv2eatic3,"42 Wallaby Way, Sydney, Australia 13456",Catherine,Crick,154
9,YyvlAClSzl@ChIZzDlTjD,Boo!IamGhost,"65 Egg Roll Road, NY 11011",Ashley,Holland,854
10,ILOUEQyRWz@GuyfPZROzF,christmas,"450 Malibu St, Florida 21211",Adam,Coleman,561
11,NrCDGwziiM@ArBNlvsoEg,iluv2eatic3,"42 Wallaby Way, Sydney, Australia 13456",Alok,Johnson,666
12,WipSRIqsAn@CMgmaIBtGZ,DirtyDancing22,"116 Allen Building, Durham, NC 27708",Arthur,Holland,578
13,ZklpvyXBRf@AcduzusPeq,letmeinn,"450 Malibu St, Florida 21211",Simon,Coleman,742
14,sFzuTlqnyY@hwnlBhIoZE,christmas,"42 Wallaby Way, Sydney, Australia 13456",Arthur,Johansson,91
15,SfTpJgGRMj@ElAEnGNscy,christmas,"8323 New Avenue, Derry, NH 03038",Ogadimma,Crick,249
16,KpjpsTTyyn@rZqnYBRZbn,LeggoMyEggo?,"918 Pumpkin Hill Dr, Bensalem, PA 19020",Ashley,Jones,332
17,qaEjmnaIcO@MUKquzEOeR,christmas,"55 Ice Cream Ave, New York, NY 11010",Rohin,Johansson,571
18,UoCIBlcsQq@ksLlWBiqWE,DirtyDancing22,"65 Egg Roll Road, NY 11011",Adam,Smith,469
19,hvnzwtTZnR@nRPACqYKDq,christmas,"918 Pumpkin Hill Dr, Bensalem, PA 19020",Mimi,Khan,305
20,yGklrcQGtV@TUClTbYmRJ,Boo!IamGhost,"8323 New Avenue, Derry, NH 03038",Arthur,Crick,425
21,VHEwCkHBlI@mIrxfLGNuN,YesIamBen,"8323 New Avenue, Derry, NH 03038",Simon,Goldman,124
22,kUYlHuVUtu@sPsCkNqogr,letmeinn,"999 Greenrose Dr, Macomb, MI 48042",Rohin,Khan,473
23,nEruXAaFaD@AOrPhgYvuG,christmas,"8323 New Avenue, Derry, NH 03038",Sarah,Goldman,653
24,FSgfdHBpRb@gULyEEmPPI,letmeinn,"116 Allen Building, Durham, NC 27708",Catherine,Coleman,876
25,TfWxstsYLt@hzwPJvCyGQ,christmas,"55 Ice Cream Ave, New York, NY 11010",Rohin,Khan,422
26,QGVbtQhmpq@BeaOdguoxI,letmeinn,"65 Egg Roll Road, NY 11011",Rohin,Smith,545
27,eaChGKvCTU@ayxkzysgWo,YouWouldNotBelieveYour3y3s,"116 Allen Building, Durham, NC 27708",Simon,Smith,471
28,JcyqMUBAVq@QWuVrdFbha,happyhalloween,"116 Allen Building, Durham, NC 27708",Adam,Coleman,271
29,JkRladZWOH@ftiDlMcnpo,DirtyDancing22,"918 Pumpkin Hill Dr, Bensalem, PA 19020",Rohin,Khan,696
30,teBhtynZxG@BOjBhYMHJa,DirtyDancing22,"450 Malibu St, Florida 21211",Arthur,Johnson,198
31,QCfoJwbRHM@hbnQASDJzb,LeggoMyEggo?,"450 Malibu St, Florida 21211",Ogadimma,Watson,419
32,BjoEVuETIV@DpDimJeZgz,YouWouldNotBelieveYour3y3s,"42 Wallaby Way, Sydney, Australia 13456",Ogadimma,Smith,146
33,qnMsBFgWiR@AbPJTiVuAd,YouWouldNotBelieveYour3y3s,"918 Pumpkin Hill Dr, Bensalem, PA 19020",Adam,Crick,98
34,vwMMaRbpgM@tvDhidYbwo,YouWouldNotBelieveYour3y3s,"450 Malibu St, Florida 21211",Rohin,Smith,348
35,iTKEUNcwRR@RBLXSnJxwx,happyhalloween,"999 Greenrose Dr, Macomb, MI 48042",Ogadimma,Crick,832
36,OAAYEWBpVc@JHcjxCFLfP,YouWouldNotBelieveYour3y3s,"8323 New Avenue, Derry, NH 03038",Ashley,Khan,249
37,jISprKpsqY@shaaiacnQj,DirtyDancing22,"65 Egg Roll Road, NY 11011",Alok,Crick,826
38,UfObNfDluO@liuyKKIjKT,letmeinn,"918 Pumpkin Hill Dr, Bensalem, PA 19020",Sarah,Khan,367
39,mqrsfqJrmj@CvsNHZlkzt,Boo!IamGhost,"55 Ice Cream Ave, New York, NY 11010",Rohin,Watson,853
40,bePxWQTtQf@wliKDZnjEu,letmeinn,"65 Egg Roll Road, NY 11011",Simon,Smith,606
41,iEBcZSNaAn@QHkNSHhoNg,Boo!IamGhost,"65 Egg Roll Road, NY 11011",Ashley,Holland,345
42,SnFuZnjhcp@uQuyUGVDEw,YouWouldNotBelieveYour3y3s,"999 Greenrose Dr, Macomb, MI 48042",Arthur,Goldman,409
43,TXlJsMHibj@FgJCfEEwYg,iluv2eatic3,"918 Pumpkin Hill Dr, Bensalem, PA 19020",Rohin,Johansson,686
44,RPLqxZUDMx@mbRdlPWtPM,christmas,"42 Wallaby Way, Sydney, Australia 13456",Simon,Crick,997
45,NwrmNPGnfD@IzzFMZISnn,DirtyDancing22,"55 Ice Cream Ave, New York, NY 11010",Catherine,Crick,343
46,mhtGpqsAqn@lfWymOvNwk,letmeinn,"999 Greenrose Dr, Macomb, MI 48042",Catherine,Smith,90
47,iaAJyfkglL@RCxZgzChre,christmas,"55 Ice Cream Ave, New York, NY 11010",Catherine,Watson,157
48,AqHhXlidRe@vzgSidhXAP,happyhalloween,"55 Ice Cream Ave, New York, NY 11010",Rohin,Jones,569
49,GFctYmRnnc@lWYNiDKErF,Boo!IamGhost,"55 Ice Cream Ave, New York, NY 11010",Ogadimma,Coleman,845
50,JjMXjCqtCw@ZCpJlAeLWT,DirtyDancing22,"999 Greenrose Dr, Macomb, MI 48042",Simon,Jones,155
51,cHLPLnzmfk@BOZAxxSjGl,christmas,"918 Pumpkin Hill Dr, Bensalem, PA 19020",Ogadimma,Coleman,14
52,xmUgLABmNn@oqbdmiyALF,DirtyDancing22,"918 Pumpkin Hill Dr, Bensalem, PA 19020",Sarah,Khan,268
53,HxQCbJKeQp@MzAOdIJgeS,happyhalloween,"55 Ice Cream Ave, New York, NY 11010",Arthur,Coleman,296
54,FSpHROoSvc@BXNpvCQeks,Boo!IamGhost,"55 Ice Cream Ave, New York, NY 11010",Alok,Holland,833
55,wEyPOFIgcw@VqoeNIqTPB,happyhalloween,"450 Malibu St, Florida 21211",Arthur,Jones,783
56,JInluLsTqH@AWuodpwMld,iluv2eatic3,"55 Ice Cream Ave, New York, NY 11010",Adam,Johansson,124
57,nljEkzvXBI@UsRKwEpxaj,letmeinn,"116 Allen Building, Durham, NC 27708",Adam,Khan,722
58,FcKsvmmeFQ@bhPhXqyTwz,happyhalloween,"8323 New Avenue, Derry, NH 03038",Adam,Jones,790
59,uGNNgSiDzT@iZHmOWxMGC,christmas,"42 Wallaby Way, Sydney, Australia 13456",Arthur,Jones,942
60,xRPnSfsdOv@ldbetevgeI,christmas,"8323 New Avenue, Derry, NH 03038",Sarah,Watson,989
61,USDupkyydo@hVTEXMitra,YesIamBen,"999 Greenrose Dr, Macomb, MI 48042",Arthur,Johnson,28
62,XVEuFDQxtu@qEEYDVnEnS,Grr12,"918 Pumpkin Hill Dr, Bensalem, PA 19020",Ashley,Johansson,347
63,JzMgsOQcjo@xqhYCcDfWX,christmas,"65 Egg Roll Road, NY 11011",Catherine,Coleman,402
64,izVOTMGDev@fGyUgLpZly,LeggoMyEggo?,"42 Wallaby Way, Sydney, Australia 13456",Ashley,Johansson,529
65,uRjKlhTAdU@cqKjJhaBQR,LeggoMyEggo?,"999 Greenrose Dr, Macomb, MI 48042",Alok,Coleman,654
66,gYsVpicdkM@JVbQbFDRZJ,Grr12,"65 Egg Roll Road, NY 11011",Sarah,Holland,251
67,GVMJFCdbTk@lGLVekchVb,Boo!IamGhost,"450 Malibu St, Florida 21211",Arthur,Watson,85
68,JhsYdNFoLT@ryPoeeQJqm,YesIamBen,"116 Allen Building, Durham, NC 27708",Arthur,Crick,830
69,cRSCALIZuD@zoyGCNIbjW,Grr12,"999 Greenrose Dr, Macomb, MI 48042",Rohin,Jones,960
70,RNzlQBTEPY@QgCDBcWQeX,DirtyDancing22,"55 Ice Cream Ave, New York, NY 11010",Ashley,Coleman,707
71,tiplugSFMk@hMPTakbMSu,YouWouldNotBelieveYour3y3s,"999 Greenrose Dr, Macomb, MI 48042",Ogadimma,Jones,348
72,ScvqktqAnD@YPEHeykBwI,YouWouldNotBelieveYour3y3s,"65 Egg Roll Road, NY 11011",Arthur,Smith,464
73,cFurpcneEf@WTkVGujHNQ,YouWouldNotBelieveYour3y3s,"918 Pumpkin Hill Dr, Bensalem, PA 19020",Sarah,Coleman,62
74,YPyPhsNTqP@gvlRcvFrNd,Boo!IamGhost,"999 Greenrose Dr, Macomb, MI 48042",Rohin,Smith,24
75,PzIamYUsSr@sJFmJEJGnV,letmeinn,"999 Greenrose Dr, Macomb, MI 48042",Sarah,Watson,843
76,MDkottstGx@bWnjdTYsCj,Grr12,"55 Ice Cream Ave, New York, NY 11010",Catherine,Johansson,847
77,xXTuxXjKzo@jhvZZOItQz,happyhalloween,"450 Malibu St, Florida 21211",Simon,Smith,903
78,FNlleHBczl@tlDGsFbYbY,Grr12,"65 Egg Roll Road, NY 11011",Alok,Johansson,704
79,IinkNILJPx@okfxiBdiKJ,LeggoMyEggo?,"450 Malibu St, Florida 21211",Mimi,Coleman,971
80,sHzzPrjFTP@jGRhGexLYb,Grr12,"42 Wallaby Way, Sydney, Australia 13456",Catherine,Crick,768
81,RxHflNSaJi@uliawKnvqr,christmas,"8323 New Avenue, Derry, NH 03038",Ashley,Goldman,311
82,LYuiwXqOFs@hcBkjanPcA,iluv2eatic3,"999 Greenrose Dr, Macomb, MI 48042",Rohin,Jones,759
83,tcPnJoKCDo@wfxiexDbuX,Boo!IamGhost,"8323 New Avenue, Derry, NH 03038",Simon,Coleman,411
84,aBsyADnYbV@pwmtZnTtXs,YouWouldNotBelieveYour3y3s,"999 Greenrose Dr, Macomb, MI 48042",Adam,Coleman,601
85,GTZIYMvQEE@KkxJnEduin,LeggoMyEggo?,"918 Pumpkin Hill Dr, Bensalem, PA 19020",Arthur,Watson,892
86,bveQjfCgod@WVbDyuZVyO,letmeinn,"999 Greenrose Dr, Macomb, MI 48042",Alok,Holland,901
87,CYjbRLNmgB@oeSptnNEOX,Boo!IamGhost,"55 Ice Cream Ave, New York, NY 11010",Ashley,Coleman,264
88,DwpProJKFj@MmqPamuSzt,happyhalloween,"42 Wallaby Way, Sydney, Australia 13456",Mimi,Goldman,46
89,wMHoZnGRQy@BJmmPuAkHq,DirtyDancing22,"450 Malibu St, Florida 21211",Ashley,Crick,847
90,fseZJsbUwW@OgoLDKhImK,happyhalloween,"450 Malibu St, Florida 21211",Sarah,Johansson,246
91,YeKIskbgTy@XyOdDjToqS,YouWouldNotBelieveYour3y3s,"55 Ice Cream Ave, New York, NY 11010",Ogadimma,Crick,700
92,aQcYlpzuSW@OmtaBkrplM,DirtyDancing22,"450 Malibu St, Florida 21211",Arthur,Holland,111
93,lkzcnYThig@XWjLvyWnnb,iluv2eatic3,"918 Pumpkin Hill Dr, Bensalem, PA 19020",Simon,Holland,748
94,cdSmgMLXeu@KERIvTUrcF,christmas,"116 Allen Building, Durham, NC 27708",Catherine,Smith,929
95,MFtlGDzWwQ@lEhMNNXret,happyhalloween,"55 Ice Cream Ave, New York, NY 11010",Ashley,Jones,381
96,uxKdTjuZAw@AAWKwPNVlg,DirtyDancing22,"918 Pumpkin Hill Dr, Bensalem, PA 19020",Catherine,Goldman,975
97,ssPQIhIzWn@fbYPzFDcki,LeggoMyEggo?,"65 Egg Roll Road, NY 11011",Alok,Goldman,219
98,rizoFWomns@RXPbSsmPrt,YesIamBen,"55 Ice Cream Ave, New York, NY 11010",Arthur,Coleman,130
99,Qaihakhzdk@aTyHmBXfcG,Boo!IamGhost,"116 Allen Building, Durham, NC 27708",Arthur,Crick,447
100,OFZFQCiexe@lrIlxtkxWY,LeggoMyEggo?,"42 Wallaby Way, Sydney, Australia 13456",Sarah,Khan,654
101,LNxpFzabJq@kuHzDXwktX,YesIamBen,"918 Pumpkin Hill Dr, Bensalem, PA 19020",Simon,Johnson,12
102,TCwZCzxBvu@PYSXAgFPjx,LeggoMyEggo?,"8323 New Avenue, Derry, NH 03038",Adam,Johnson,915
103,qOCWactAkS@ZyeJEojFQe,letmeinn,"450 Malibu St, Florida 21211",Mimi,Johansson,67
104,zLNKLuLfSU@GYpwQnYGTe,Grr12,"42 Wallaby Way, Sydney, Australia 13456",Catherine,Coleman,485
105,ABdssscSMA@MhaZVHMaEX,letmeinn,"42 Wallaby Way, Sydney, Australia 13456",Simon,Khan,675
106,wLyJVSfpyH@crTqcyllPV,LeggoMyEggo?,"65 Egg Roll Road, NY 11011",Alok,Khan,221
107,AucYDNxICb@ADohgfwfAA,LeggoMyEggo?,"42 Wallaby Way, Sydney, Australia 13456",Rohin,Holland,875
108,FBVvoeWiIi@VwgAhzQWMq,Boo!IamGhost,"450 Malibu St, Florida 21211",Sarah,Holland,801
109,qFJwmNUHGB@YPTAHJSSzs,YouWouldNotBelieveYour3y3s,"65 Egg Roll Road, NY 11011",Sarah,Johnson,144
110,OEhldcBTUW@oktzKFsFgQ,christmas,"55 Ice Cream Ave, New York, NY 11010",Alok,Holland,159
111,rsXgvqUJVY@wvvOUphstp,happyhalloween,"999 Greenrose Dr, Macomb, MI 48042",Rohin,Johansson,78
112,hklXzsYbNe@ZWBeeMqOGh,Grr12,"918 Pumpkin Hill Dr, Bensalem, PA 19020",Ashley,Goldman,853
113,DMhSAOJpNe@MePOsINKga,YouWouldNotBelieveYour3y3s,"999 Greenrose Dr, Macomb, MI 48042",Arthur,Smith,649
114,BwEyjtumUh@MAlhqWEijq,letmeinn,"999 Greenrose Dr, Macomb, MI 48042",Rohin,Johnson,926
115,CblARpbZEp@VrjEPbJxFV,happyhalloween,"116 Allen Building, Durham, NC 27708",Ashley,Jones,173
116,vmbfbDnNTZ@SGsNLjiVtU,letmeinn,"55 Ice Cream Ave, New York, NY 11010",Rohin,Johansson,519
117,mbqKJJjVMc@GkVLRcMfFl,Grr12,"116 Allen Building, Durham, NC 27708",Sarah,Johansson,975
118,jfiTrgOhCv@VsvOoVKmwh,happyhalloween,"116 Allen Building, Durham, NC 27708",Sarah,Goldman,867
119,eSWpJmDSGI@iWeQhibofl,Boo!IamGhost,"999 Greenrose Dr, Macomb, MI 48042",Arthur,Crick,190
120,lohBrRxCsU@FGYBNsqeKn,Grr12,"116 Allen Building, Durham, NC 27708",Rohin,Coleman,230
121,beVfKMTgjX@XafDFPyXik,iluv2eatic3,"65 Egg Roll Road, NY 11011",Rohin,Jones,116
122,xOtggWDWbs@UusNByHlUm,Boo!IamGhost,"65 Egg Roll Road, NY 11011",Ashley,Holland,193
123,VhCcqPZaVm@QzTjmbWPzm,YouWouldNotBelieveYour3y3s,"918 Pumpkin Hill Dr, Bensalem, PA 19020",Sarah,Watson,664
124,XYIeakPRTE@VcfZDhGtAX,iluv2eatic3,"116 Allen Building, Durham, NC 27708",Mimi,Holland,274
125,zLpBnNVrgo@OeXCKmJYhi,YouWouldNotBelieveYour3y3s,"8323 New Avenue, Derry, NH 03038",Rohin,Holland,378
126,uMbeFHFFvJ@RarXWsHmWA,iluv2eatic3,"65 Egg Roll Road, NY 11011",Mimi,Crick,317
127,pmlmbccaSl@IBSAiBcjlE,happyhalloween,"918 Pumpkin Hill Dr, Bensalem, PA 19020",Catherine,Johnson,606
128,PoDNZWuonF@litBNKsUua,happyhalloween,"116 Allen Building, Durham, NC 27708",Ogadimma,Johnson,18
129,fAUXJtEZVw@QjVKCKHPhM,YouWouldNotBelieveYour3y3s,"65 Egg Roll Road, NY 11011",Simon,Smith,197
130,NinaYkjoEf@ygnYlFpPgp,LeggoMyEggo?,"450 Malibu St, Florida 21211",Mimi,Khan,279
131,PoBImxUtuH@knFPDNCFON,Grr12,"42 Wallaby Way, Sydney, Australia 13456",Simon,Smith,137
132,YtTWnWFAiX@MCFhaLVLDq,letmeinn,"65 Egg Roll Road, NY 11011",Alok,Johansson,496
133,CPZEBTVsIu@SGWUMgpvLL,YesIamBen,"42 Wallaby Way, Sydney, Australia 13456",Rohin,Johnson,241
134,nKQTHYSxAI@ZooGGfHySU,YouWouldNotBelieveYour3y3s,"999 Greenrose Dr, Macomb, MI 48042",Sarah,Jones,903
135,YdbKLVFruI@PBRnxmdPGl,happyhalloween,"999 Greenrose Dr, Macomb, MI 48042",Ashley,Crick,554
136,oTMsgOlYVT@PaweJvfIzW,letmeinn,"116 Allen Building, Durham, NC 27708",Rohin,Goldman,48
137,bMBDGVJfey@NxIfPuLpzW,LeggoMyEggo?,"8323 New Avenue, Derry, NH 03038",Sarah,Johnson,794
138,PdncDTKMQR@BUUNFekjuj,christmas,"918 Pumpkin Hill Dr, Bensalem, PA 19020",Arthur,Coleman,644
139,XOcJMgtMPd@LPrbtAGeEH,LeggoMyEggo?,"450 Malibu St, Florida 21211",Mimi,Watson,355
140,JBzbJWEFyl@tUNsanEapO,DirtyDancing22,"918 Pumpkin Hill Dr, Bensalem, PA 19020",Sarah,Johansson,494
141,jSccVPnxns@zdbCLqXKhH,Grr12,"42 Wallaby Way, Sydney, Australia 13456",Sarah,Holland,381
142,yjLKziZzwA@boluAKhpPl,iluv2eatic3,"450 Malibu St, Florida 21211",Catherine,Holland,677
143,PKUiCRPICi@IbJMqZslzk,DirtyDancing22,"65 Egg Roll Road, NY 11011",Ogadimma,Smith,636
144,cneXFTuFBx@FBbAJlhzDn,DirtyDancing22,"55 Ice Cream Ave, New York, NY 11010",Simon,Johnson,653
145,ahhyYJCRxp@SyFHhkZUBX,YouWouldNotBelieveYour3y3s,"42 Wallaby Way, Sydney, Australia 13456",Mimi,Johansson,351
146,jLwfxnZVHC@IgNLkPvXvI,YouWouldNotBelieveYour3y3s,"42 Wallaby Way, Sydney, Australia 13456",Sarah,Khan,755
147,vWqLZLoxBM@MtMhKUEmXM,christmas,"42 Wallaby Way, Sydney, Australia 13456",Catherine,Khan,637
148,ifCyvycDNf@XwRuzXFvTl,happyhalloween,"55 Ice Cream Ave, New York, NY 11010",Catherine,Coleman,523
149,BVkVjgUdwH@wIuzlPByHl,letmeinn,"116 Allen Building, Durham, NC 27708",Ashley,Holland,153
150,SXrFgihkfQ@eIWQcqPKuq,YouWouldNotBelieveYour3y3s,"8323 New Avenue, Derry, NH 03038",Rohin,Crick,80
151,EeeEflYfAZ@fydERAaixQ,christmas,"42 Wallaby Way, Sydney, Australia 13456",Ogadimma,Crick,444
152,JJTEgVKxki@KbfCyQLIhI,DirtyDancing22,"42 Wallaby Way, Sydney, Australia 13456",Ashley,Khan,904
153,JrhtkYLUje@VSGoFbucvD,letmeinn,"116 Allen Building, Durham, NC 27708",Ashley,Holland,985
154,qKzhPxIGZE@xUYmzpOEzC,YouWouldNotBelieveYour3y3s,"42 Wallaby Way, Sydney, Australia 13456",Simon,Goldman,777
155,CgKuqJYnsH@DbMcBxxFTK,christmas,"999 Greenrose Dr, Macomb, MI 48042",Simon,Goldman,171
156,UKaCDqQzCl@wfqiGjmeHs,DirtyDancing22,"55 Ice Cream Ave, New York, NY 11010",Mimi,Watson,240
157,QsbpZKsFPb@vCZlTvyZcy,letmeinn,"116 Allen Building, Durham, NC 27708",Simon,Khan,974
158,teSWsjUooL@LBfvNUmkok,YesIamBen,"42 Wallaby Way, Sydney, Australia 13456",Ogadimma,Watson,39
159,etFEDnyJWZ@oAZgfnHTSc,YesIamBen,"65 Egg Roll Road, NY 11011",Adam,Holland,310
160,yMCPSJxkko@oSOdEWBtCe,LeggoMyEggo?,"999 Greenrose Dr, Macomb, MI 48042",Ashley,Holland,223
161,cjHhhLcSCR@ZecvKHvDVC,happyhalloween,"450 Malibu St, Florida 21211",Ogadimma,Crick,386
162,ItsxBXSyDr@rolaVyduqb,YesIamBen,"918 Pumpkin Hill Dr, Bensalem, PA 19020",Rohin,Crick,410
163,BTRROAsBZP@OGJeFfMdim,Boo!IamGhost,"55 Ice Cream Ave, New York, NY 11010",Rohin,Jones,74
164,pySdXebOAc@MLwYFnnzIo,Boo!IamGhost,"55 Ice Cream Ave, New York, NY 11010",Catherine,Goldman,707
165,kDyyQsnZeR@csAZigAOZW,YesIamBen,"116 Allen Building, Durham, NC 27708",Sarah,Johnson,62
166,ZUqELdwhuH@vSHrknalzt,DirtyDancing22,"65 Egg Roll Road, NY 11011",Mimi,Khan,63
167,mkzyMtuFmt@eFAWcfQHGU,YouWouldNotBelieveYour3y3s,"450 Malibu St, Florida 21211",Arthur,Jones,860
168,hHbFrqOijN@sXrCFioDFB,christmas,"116 Allen Building, Durham, NC 27708",Adam,Crick,260
169,xWOJdiXPWi@pFtUdkOpsu,letmeinn,"918 Pumpkin Hill Dr, Bensalem, PA 19020",Ashley,Smith,526
170,YSwGgWxrFP@zgLHNjcvyN,happyhalloween,"42 Wallaby Way, Sydney, Australia 13456",Ogadimma,Coleman,807
171,irpoGegTsj@sYgEFodzxL,happyhalloween,"918 Pumpkin Hill Dr, Bensalem, PA 19020",Ashley,Khan,934
172,mAKCZNiLaN@awKdQfHCNV,Grr12,"918 Pumpkin Hill Dr, Bensalem, PA 19020",Arthur,Jones,40
173,ZGFcydiUlL@HCrdjwVeta,YouWouldNotBelieveYour3y3s,"55 Ice Cream Ave, New York, NY 11010",Ashley,Johansson,758
174,LsDWavNkIU@JBcxoyufdN,Boo!IamGhost,"42 Wallaby Way, Sydney, Australia 13456",Mimi,Crick,885
175,GzRVAsAGuw@WGSoAJQDgY,LeggoMyEggo?,"116 Allen Building, Durham, NC 27708",Sarah,Jones,18
176,wfitOFsoqX@LSegaXUGat,iluv2eatic3,"116 Allen Building, Durham, NC 27708",Sarah,Holland,848
177,qZBZQgrLMj@PSSQhiHeHE,Boo!IamGhost,"42 Wallaby Way, Sydney, Australia 13456",Alok,Smith,17
178,fqBXTEPFLy@GypMuRUOZC,YouWouldNotBelieveYour3y3s,"450 Malibu St, Florida 21211",Mimi,Khan,708
179,sVefkmTmVw@wiBGuumLFo,DirtyDancing22,"116 Allen Building, Durham, NC 27708",Simon,Goldman,603
180,fWwJpgCWFX@GWoYoXBRZI,YouWouldNotBelieveYour3y3s,"918 Pumpkin Hill Dr, Bensalem, PA 19020",Arthur,Jones,838
181,uGObIuJLwD@sjpOkGMPbj,christmas,"55 Ice Cream Ave, New York, NY 11010",Mimi,Watson,873
182,JgUxBLQJSH@FuWXOUWYvl,DirtyDancing22,"42 Wallaby Way, Sydney, Australia 13456",Arthur,Watson,354
183,IGAAdfxjjg@HpSiyzGMEv,iluv2eatic3,"450 Malibu St, Florida 21211",Rohin,Khan,944
184,aahoDcImpn@rUHwgpIgyT,iluv2eatic3,"42 Wallaby Way, Sydney, Australia 13456",Ashley,Holland,686
185,RWIPSijSnZ@oVFVBVFcRA,happyhalloween,"999 Greenrose Dr, Macomb, MI 48042",Alok,Johnson,129
186,uQLKRPLsEE@ICshOSsbpY,Grr12,"450 Malibu St, Florida 21211",Rohin,Johnson,732
187,vzJITzZqYo@tpwepUORXE,DirtyDancing22,"8323 New Avenue, Derry, NH 03038",Sarah,Holland,299
188,BONKNDIyVk@wCcEEloPpb,christmas,"450 Malibu St, Florida 21211",Catherine,Johnson,751
189,CyugtGEBsU@KaIXnDJbEy,YouWouldNotBelieveYour3y3s,"116 Allen Building, Durham, NC 27708",Adam,Watson,702
190,OuQQUYSlAK@veGmaumnoh,christmas,"918 Pumpkin Hill Dr, Bensalem, PA 19020",Rohin,Watson,441
191,ohhumZNgHE@iuIXttXOKD,YouWouldNotBelieveYour3y3s,"8323 New Avenue, Derry, NH 03038",Mimi,Holland,1000
192,TYoYIbITHN@iiJkQZVXks,christmas,"8323 New Avenue, Derry, NH 03038",Arthur,Watson,142
193,OPJGBfCJpr@WOVjkJODqh,Grr12,"8323 New Avenue, Derry, NH 03038",Alok,Smith,686
194,RDqiwczrdt@YiVOYvnRjI,DirtyDancing22,"55 Ice Cream Ave, New York, NY 11010",Ogadimma,Goldman,790
195,SFfLQqugHJ@wZWeIsOAtM,YouWouldNotBelieveYour3y3s,"55 Ice Cream Ave, New York, NY 11010",Sarah,Johansson,579
196,NNMmkYaLEo@CsYbWTIXvf,happyhalloween,"8323 New Avenue, Derry, NH 03038",Arthur,Holland,617
197,dwaPuaKgCB@bcNMCKrIWU,Grr12,"42 Wallaby Way, Sydney, Australia 13456",Adam,Jones,397
198,jUoiGuaFxc@TPEVCEPhbu,christmas,"55 Ice Cream Ave, New York, NY 11010",Arthur,Johnson,282
199,waCsoUVlhM@OncWBtXJXO,letmeinn,"55 Ice Cream Ave, New York, NY 11010",Mimi,Holland,336
200,MCqdebYeHs@EmZvSdCzyO,Grr12,"450 Malibu St, Florida 21211",Alok,Khan,720
201,ztIfEvSUqJ@kXhphwvSoW,letmeinn,"918 Pumpkin Hill Dr, Bensalem, PA 19020",Mimi,Coleman,849
202,hrosErQooN@LlLDUweYAA,LeggoMyEggo?,"55 Ice Cream Ave, New York, NY 11010",Rohin,Smith,99
203,YBGdOIJSrd@VyPPrPevSh,iluv2eatic3,"116 Allen Building, Durham, NC 27708",Catherine,Jones,882
204,OPBrQQRHKj@HIIvTrPVlY,Boo!IamGhost,"65 Egg Roll Road, NY 11011",Sarah,Johnson,301
205,ohTvcvNdsa@QDznHQVzNO,Grr12,"65 Egg Roll Road, NY 11011",Arthur,Holland,901
206,ODvkknaINU@lkySqxMeJh,happyhalloween,"999 Greenrose Dr, Macomb, MI 48042",Simon,Johnson,575
207,UtoKyGAytv@lpcJWasGNX,letmeinn,"55 Ice Cream Ave, New York, NY 11010",Adam,Crick,525
208,FDywQcufdF@AAqnzaniCX,letmeinn,"450 Malibu St, Florida 21211",Sarah,Coleman,566
209,ZPbwwMkdMz@JSLrDZWJBf,YouWouldNotBelieveYour3y3s,"65 Egg Roll Road, NY 11011",Alok,Watson,691
210,DgeLaVNTxr@lvSCTzLrbn,YouWouldNotBelieveYour3y3s,"918 Pumpkin Hill Dr, Bensalem, PA 19020",Rohin,Smith,562
211,sauysXLKcJ@HJPiXFRjQt,happyhalloween,"918 Pumpkin Hill Dr, Bensalem, PA 19020",Ogadimma,Coleman,449
212,BSKCdvlbxP@ugpNIDPqyh,letmeinn,"918 Pumpkin Hill Dr, Bensalem, PA 19020",Arthur,Jones,293
213,KpUsDqLTDd@QIejZyIFSO,Boo!IamGhost,"65 Egg Roll Road, NY 11011",Catherine,Goldman,437
214,NRiGAupmTs@qgXhcmLEZU,LeggoMyEggo?,"999 Greenrose Dr, Macomb, MI 48042",Ogadimma,Coleman,824
215,GhaLUjXkCA@iLEvjxJaHT,Boo!IamGhost,"450 Malibu St, Florida 21211",Mimi,Jones,549
216,ycAkFKTXhy@meZXwTUsik,Grr12,"8323 New Avenue, Derry, NH 03038",Ogadimma,Khan,786
217,ebmVaSsTPw@ciZosocyNq,Grr12,"42 Wallaby Way, Sydney, Australia 13456",Catherine,Goldman,402
218,SOjjurGKAi@mINXQlfAAG,YouWouldNotBelieveYour3y3s,"999 Greenrose Dr, Macomb, MI 48042",Ogadimma,Crick,198
219,KGlGTWtMbb@dOAcufABoS,christmas,"65 Egg Roll Road, NY 11011",Mimi,Goldman,685
220,FQGHjHtXpC@otuTVSHsvh,YesIamBen,"42 Wallaby Way, Sydney, Australia 13456",Ashley,Khan,285
221,sYfhrDxLpk@ubUgmLyZUo,YesIamBen,"116 Allen Building, Durham, NC 27708",Sarah,Holland,966
222,UTTkwZfIkM@UnFMoKwnzG,iluv2eatic3,"999 Greenrose Dr, Macomb, MI 48042",Rohin,Jones,971
223,LFTSQzEeYe@YiwkfoXuIq,YouWouldNotBelieveYour3y3s,"450 Malibu St, Florida 21211",Arthur,Watson,24
224,huBQpQQLkx@RMhFObcNeT,christmas,"42 Wallaby Way, Sydney, Australia 13456",Alok,Johnson,129
225,cDhIBBVaMr@tqmysEVUXe,christmas,"918 Pumpkin Hill Dr, Bensalem, PA 19020",Adam,Smith,604
226,mUnWrzXamd@klazZnxpKZ,Grr12,"65 Egg Roll Road, NY 11011",Simon,Watson,97
227,HBKmaVypUk@xmqyDhPYCN,YesIamBen,"55 Ice Cream Ave, New York, NY 11010",Arthur,Khan,299
228,IVfYPInSOv@ZqOvKtrPYo,happyhalloween,"116 Allen Building, Durham, NC 27708",Simon,Jones,448
229,CGqOaaTFdB@GEJBTAnkSr,YouWouldNotBelieveYour3y3s,"999 Greenrose Dr, Macomb, MI 48042",Mimi,Smith,538
230,XVshLHOfCa@yuaugIIuCD,Boo!IamGhost,"65 Egg Roll Road, NY 11011",Catherine,Johansson,773
231,rmiaeRQZvI@FFTqXnNtfM,Boo!IamGhost,"55 Ice Cream Ave, New York, NY 11010",Mimi,Johnson,673
232,MQznPjPLnh@sjQSdFbUjN,YouWouldNotBelieveYour3y3s,"65 Egg Roll Road, NY 11011",Arthur,Jones,24
233,LiVhkSKMTp@VKVgayjLGK,iluv2eatic3,"8323 New Avenue, Derry, NH 03038",Simon,Goldman,862
234,ifAnRSqqNf@BpuDSSpzmW,christmas,"55 Ice Cream Ave, New York, NY 11010",Ogadimma,Khan,79
235,PMHWsyKmYK@wBiLwxbqHD,happyhalloween,"55 Ice Cream Ave, New York, NY 11010",Simon,Holland,415
236,ZNAuvQkTsZ@RZPTxjaLEn,DirtyDancing22,"999 Greenrose Dr, Macomb, MI 48042",Alok,Jones,527
237,vVxPlWmXlv@IjFMHZwSLa,letmeinn,"999 Greenrose Dr, Macomb, MI 48042",Ashley,Crick,451
238,aKYvmvCaEJ@cxiaPKFBlw,Grr12,"450 Malibu St, Florida 21211",Ogadimma,Crick,271
239,jAFlrskEXq@EkIKkitAMC,YouWouldNotBelieveYour3y3s,"65 Egg Roll Road, NY 11011",Alok,Johansson,124
240,HmjsWldacl@PcXQWuaWyW,YesIamBen,"999 Greenrose Dr, Macomb, MI 48042",Rohin,Coleman,426
241,UqwBXqhDeS@UxShtTvHDs,YesIamBen,"55 Ice Cream Ave, New York, NY 11010",Arthur,Khan,467
242,xVtKIhTHqn@RPFwUNMlCb,iluv2eatic3,"918 Pumpkin Hill Dr, Bensalem, PA 19020",Sarah,Watson,180
243,zyTnayKPhY@KJEvaGKryc,letmeinn,"116 Allen Building, Durham, NC 27708",Alok,Johnson,796
244,KkPbJzvgOX@gNXiUpDrtA,Grr12,"8323 New Avenue, Derry, NH 03038",Ashley,Holland,13
245,GPRQpuXPAP@MXlyKuiQqS,DirtyDancing22,"8323 New Avenue, Derry, NH 03038",Mimi,Goldman,65
246,VNQiCwvdFG@ZPakUSCaei,LeggoMyEggo?,"55 Ice Cream Ave, New York, NY 11010",Simon,Johansson,367
247,HICQStqDNt@hMaKUvbGiT,iluv2eatic3,"116 Allen Building, Durham, NC 27708",Ashley,Crick,482
248,QZqLOzTJmC@ZtNAYbPlct,YesIamBen,"55 Ice Cream Ave, New York, NY 11010",Arthur,Goldman,506
249,tfaWQRpyKW@NCHMMbynvS,LeggoMyEggo?,"116 Allen Building, Durham, NC 27708",Ashley,Johnson,938
250,ttxPfHBHJf@MYaSesUWTS,Grr12,"918 Pumpkin Hill Dr, Bensalem, PA 19020",Rohin,Johansson,340
251,wcPEyNQTMp@DswXiBJNzf,YesIamBen,"65 Egg Roll Road, NY 11011",Arthur,Coleman,688
252,jZFhKcGydh@JbBaRHfvLd,happyhalloween,"918 Pumpkin Hill Dr, Bensalem, PA 19020",Catherine,Holland,537
253,hVBBRIFzsM@yVRhQRFBFp,YesIamBen,"450 Malibu St, Florida 21211",Ogadimma,Coleman,97
254,qerjZerNPa@wWTRhYLqhU,Grr12,"65 Egg Roll Road, NY 11011",Mimi,Smith,24
255,TPKpYOoYnk@KxoQZBNBnH,YouWouldNotBelieveYour3y3s,"65 Egg Roll Road, NY 11011",Simon,Johansson,43
256,YaCrQHbYkc@JqfUFqOzRT,Boo!IamGhost,"116 Allen Building, Durham, NC 27708",Ogadimma,Watson,601
257,NOKfuynTiE@DdRlHLklPY,DirtyDancing22,"65 Egg Roll Road, NY 11011",Simon,Crick,93
258,sEbWxaqRxq@tFyPqmARYF,DirtyDancing22,"8323 New Avenue, Derry, NH 03038",Sarah,Johnson,533
259,fIZOuHxzEl@jSredAkzpX,letmeinn,"65 Egg Roll Road, NY 11011",Catherine,Coleman,457
260,CurWtRYMmy@kkulkGEhGm,Boo!IamGhost,"999 Greenrose Dr, Macomb, MI 48042",Sarah,Johnson,379
261,whkAkENCQT@IpjWHWsXoR,YouWouldNotBelieveYour3y3s,"65 Egg Roll Road, NY 11011",Adam,Goldman,273
262,XnctAVFVmG@qVGQQTFGuj,LeggoMyEggo?,"42 Wallaby Way, Sydney, Australia 13456",Ashley,Jones,280
263,xNXzuoJAKP@ItczJUByQW,Grr12,"65 Egg Roll Road, NY 11011",Sarah,Holland,347
264,HmOeEqbenW@drBLzquSEr,DirtyDancing22,"450 Malibu St, Florida 21211",Mimi,Holland,580
265,pJhGPXWhVx@GhJnTbcQoY,Boo!IamGhost,"999 Greenrose Dr, Macomb, MI 48042",Simon,Crick,181
266,zfUACqVXDa@dJeKHGhiid,letmeinn,"55 Ice Cream Ave, New York, NY 11010",Alok,Goldman,638
267,LQogXCBoxw@fVnolEhlGS,letmeinn,"42 Wallaby Way, Sydney, Australia 13456",Rohin,Khan,623
268,eixfrCEjdP@lidDtsoJIH,happyhalloween,"116 Allen Building, Durham, NC 27708",Simon,Johnson,641
269,tmVQetJvBz@TdWrwDEnPu,letmeinn,"116 Allen Building, Durham, NC 27708",Ogadimma,Holland,642
270,UYMcHvKjRu@OntszEkIrm,letmeinn,"450 Malibu St, Florida 21211",Adam,Holland,398
271,JgagBDNzPv@FzuLGSfVdL,Grr12,"999 Greenrose Dr, Macomb, MI 48042",Simon,Jones,637
272,KuNRvuuYUE@PtQekFcfxk,LeggoMyEggo?,"450 Malibu St, Florida 21211",Adam,Holland,781
273,OmGfObqrHm@TouQuoJLcX,happyhalloween,"42 Wallaby Way, Sydney, Australia 13456",Arthur,Johnson,202
274,jJQdUBIFtv@SGkNkBeZlS,christmas,"918 Pumpkin Hill Dr, Bensalem, PA 19020",Alok,Smith,133
275,ocjKkBoFHD@PYMArcaATn,YouWouldNotBelieveYour3y3s,"8323 New Avenue, Derry, NH 03038",Ogadimma,Johnson,563
276,YvCJyyrQOM@hdDZnEBtKr,Boo!IamGhost,"8323 New Avenue, Derry, NH 03038",Mimi,Watson,468
277,sdScDddsJB@jWmGfUzGYg,LeggoMyEggo?,"116 Allen Building, Durham, NC 27708",Ashley,Smith,430
278,HEzySmrEoS@EmOfMLaVzb,christmas,"42 Wallaby Way, Sydney, Australia 13456",Ogadimma,Johansson,24
279,CTYfrCctVf@NobLwYsZMc,christmas,"55 Ice Cream Ave, New York, NY 11010",Ashley,Jones,279
280,PcxJpIDwOT@XzuXrPakIM,LeggoMyEggo?,"918 Pumpkin Hill Dr, Bensalem, PA 19020",Alok,Goldman,477
281,dPSGHSHnuN@HtLkTzOFji,christmas,"65 Egg Roll Road, NY 11011",Ogadimma,Holland,953
282,ctpujSsDDl@XgsSsAjVdV,DirtyDancing22,"116 Allen Building, Durham, NC 27708",Simon,Smith,762
283,tVgROdKwZX@CyoxCWprqH,letmeinn,"116 Allen Building, Durham, NC 27708",Sarah,Goldman,603
284,rPtlHKXkyE@IgUwgmhheu,happyhalloween,"450 Malibu St, Florida 21211",Rohin,Watson,293
285,suJVMAoxcT@CIOmaqeBBr,Grr12,"8323 New Avenue, Derry, NH 03038",Catherine,Johansson,909
286,EbGQIPwMIj@fZHlqjWeXz,letmeinn,"42 Wallaby Way, Sydney, Australia 13456",Adam,Coleman,904
287,OPYrPXPrFB@AqawNYpNJX,DirtyDancing22,"65 Egg Roll Road, NY 11011",Arthur,Jones,655
288,UQAeWZbpez@kFFqCeHxFY,christmas,"65 Egg Roll Road, NY 11011",Simon,Khan,673
289,pzbiKPnWgZ@QVhkNMKnlc,DirtyDancing22,"42 Wallaby Way, Sydney, Australia 13456",Ashley,Coleman,990
290,tUaqGSDFpo@NlqwaVcXZf,letmeinn,"999 Greenrose Dr, Macomb, MI 48042",Adam,Holland,787
291,HOLShICPDn@gdPjIFHPpD,LeggoMyEggo?,"55 Ice Cream Ave, New York, NY 11010",Ashley,Khan,61
292,UHoBkVBACD@lubEYthVxo,Grr12,"42 Wallaby Way, Sydney, Australia 13456",Adam,Jones,988
293,dJygrRUUxO@MwrQeJSlTx,iluv2eatic3,"999 Greenrose Dr, Macomb, MI 48042",Rohin,Johansson,694
294,DhXfVRqtsz@SKByztsiDW,YouWouldNotBelieveYour3y3s,"42 Wallaby Way, Sydney, Australia 13456",Arthur,Jones,146
295,eFAYLedLGI@UZSQepofdM,Boo!IamGhost,"65 Egg Roll Road, NY 11011",Alok,Holland,221
296,aVnQoWmujn@YqFVJWttLF,LeggoMyEggo?,"999 Greenrose Dr, Macomb, MI 48042",Mimi,Crick,81
297,jrCScSrzVF@uUjboOzgwe,christmas,"116 Allen Building, Durham, NC 27708",Catherine,Khan,841
298,OCQpeXwhXL@TNrJICnUxG,happyhalloween,"999 Greenrose Dr, Macomb, MI 48042",Adam,Coleman,123
299,EczeHvUqCV@wzuyCHZcWp,YesIamBen,"42 Wallaby Way, Sydney, Australia 13456",Simon,Smith,770
300,erlLVgGhLc@XHEuyLQATY,letmeinn,"42 Wallaby Way, Sydney, Australia 13456",Alok,Coleman,909
301,eYqFtMAkkI@AExRVTHTMS,letmeinn,"999 Greenrose Dr, Macomb, MI 48042",Ashley,Johnson,287
302,rXKyWDkNxT@bhZLWCZxGS,happyhalloween,"42 Wallaby Way, Sydney, Australia 13456",Ashley,Coleman,727
303,CWlAbdOPPQ@HauRMvVuLC,YouWouldNotBelieveYour3y3s,"65 Egg Roll Road, NY 11011",Arthur,Crick,443
304,sHMPVLtLpk@cibKbawOFT,Grr12,"55 Ice Cream Ave, New York, NY 11010",Adam,Holland,371
305,zkMczAcTob@iANUAPNaKa,DirtyDancing22,"999 Greenrose Dr, Macomb, MI 48042",Alok,Holland,139
306,lGbZikCCIj@NACuZtQaEi,happyhalloween,"65 Egg Roll Road, NY 11011",Adam,Watson,682
307,JXgDNkRIrc@JYrYOnaRTZ,YouWouldNotBelieveYour3y3s,"8323 New Avenue, Derry, NH 03038",Catherine,Khan,385
308,JCedhTVuoh@AxORbNqCda,iluv2eatic3,"8323 New Avenue, Derry, NH 03038",Sarah,Holland,687
309,TpCLbQierk@RVxSxhuTUK,DirtyDancing22,"55 Ice Cream Ave, New York, NY 11010",Rohin,Coleman,476
310,gBbxgBKvWf@YjdKOrVznJ,letmeinn,"42 Wallaby Way, Sydney, Australia 13456",Rohin,Goldman,537
311,mhnBLymxyv@ubjJogLNLH,LeggoMyEggo?,"116 Allen Building, Durham, NC 27708",Ogadimma,Khan,420
312,HALYCPuNzQ@cBqoqBiOBd,Grr12,"999 Greenrose Dr, Macomb, MI 48042",Simon,Johansson,800
313,gnXuQnYusP@cTgXZgPDyb,letmeinn,"55 Ice Cream Ave, New York, NY 11010",Catherine,Crick,693
314,lduAaRGdBY@nDFVavaoPz,YesIamBen,"450 Malibu St, Florida 21211",Alok,Johansson,894
315,fFONYkBzOw@pMZNAOUNON,YouWouldNotBelieveYour3y3s,"42 Wallaby Way, Sydney, Australia 13456",Alok,Crick,704
316,WggiZrDuyY@XxZgVKVLHk,Grr12,"116 Allen Building, Durham, NC 27708",Adam,Khan,178
317,eJMMmveYen@FbsFKNJYLV,letmeinn,"42 Wallaby Way, Sydney, Australia 13456",Adam,Jones,179
318,LBlXPfdJWi@RpBaOukVgT,LeggoMyEggo?,"8323 New Avenue, Derry, NH 03038",Catherine,Khan,828
319,EatJiBpcCB@BZylQUxefC,LeggoMyEggo?,"42 Wallaby Way, Sydney, Australia 13456",Ashley,Khan,901
320,djrbODtkqO@DnunkRxUpc,DirtyDancing22,"55 Ice Cream Ave, New York, NY 11010",Alok,Johnson,558
321,ULGgJNIVmK@iTpZlwjQUl,Grr12,"65 Egg Roll Road, NY 11011",Ashley,Smith,395
322,POXQWSvFMD@yrflScxJTu,DirtyDancing22,"8323 New Avenue, Derry, NH 03038",Simon,Khan,392
323,WvqVRMSZFj@QWRYLZpuot,DirtyDancing22,"999 Greenrose Dr, Macomb, MI 48042",Alok,Watson,724
324,epPmkQkLMD@KOBIAAxFID,Grr12,"55 Ice Cream Ave, New York, NY 11010",Mimi,Holland,125
325,vPvtvuaQDm@fTsWLubzkA,YouWouldNotBelieveYour3y3s,"42 Wallaby Way, Sydney, Australia 13456",Rohin,Johnson,250
326,EgeECEfZtt@sPFgsoTDBZ,happyhalloween,"55 Ice Cream Ave, New York, NY 11010",Catherine,Goldman,42
327,UrHdABqwnp@nJhNswwsGp,letmeinn,"999 Greenrose Dr, Macomb, MI 48042",Arthur,Watson,376
328,POnPjOjXAq@FDPwMlJAhv,Grr12,"999 Greenrose Dr, Macomb, MI 48042",Catherine,Crick,849
329,hulCjGwBMf@UOzkPtXjBG,Grr12,"450 Malibu St, Florida 21211",Rohin,Jones,479
330,aSYVdPErPb@hRuigJBeTe,YouWouldNotBelieveYour3y3s,"8323 New Avenue, Derry, NH 03038",Sarah,Jones,558
331,urgbqfFmVK@HCpuuICCcm,christmas,"999 Greenrose Dr, Macomb, MI 48042",Arthur,Johnson,992
332,grdvkdDUIz@ruspqskrtp,Grr12,"999 Greenrose Dr, Macomb, MI 48042",Sarah,Crick,939
333,tLaCaYfFql@iPBefhUkIt,LeggoMyEggo?,"450 Malibu St, Florida 21211",Adam,Crick,717
334,YTlcPQNPdn@EeoKejTuZe,LeggoMyEggo?,"55 Ice Cream Ave, New York, NY 11010",Sarah,Johansson,432
335,lzaURwLXwm@jffSdKVcFC,Grr12,"116 Allen Building, Durham, NC 27708",Adam,Holland,176
336,xcFanCKHoT@LzijdOlOWB,DirtyDancing22,"116 Allen Building, Durham, NC 27708",Catherine,Jones,39
337,XbifwGdwcX@uJLDJVsqyL,letmeinn,"116 Allen Building, Durham, NC 27708",Catherine,Jones,701
338,aoAfdQeKvV@NfjroDlFeD,letmeinn,"450 Malibu St, Florida 21211",Simon,Jones,88
339,ktcGzMNDal@KzSWJfKskc,DirtyDancing22,"999 Greenrose Dr, Macomb, MI 48042",Mimi,Goldman,653
340,qFaPDFiYen@mBdxYxRETu,DirtyDancing22,"42 Wallaby Way, Sydney, Australia 13456",Rohin,Coleman,77
341,aNuAATZgvy@bzAKrEpkdK,LeggoMyEggo?,"116 Allen Building, Durham, NC 27708",Alok,Coleman,48
342,OEYSLHHiOv@egIYbrhFyW,YouWouldNotBelieveYour3y3s,"999 Greenrose Dr, Macomb, MI 48042",Rohin,Johansson,537
343,nniXdoklKJ@XjcPWogbuj,iluv2eatic3,"65 Egg Roll Road, NY 11011",Mimi,Watson,812
344,EgbUEdIRNQ@lJAfuqsnhD,Grr12,"116 Allen Building, Durham, NC 27708",Ogadimma,Johnson,957
345,aArGyuLxdn@QqkrWyBtne,iluv2eatic3,"450 Malibu St, Florida 21211",Sarah,Watson,530
346,RpeCLfKRQM@arwZyFkubc,letmeinn,"918 Pumpkin Hill Dr, Bensalem, PA 19020",Arthur,Coleman,231
347,qKsaYtlJFK@PluvVcNNWl,YouWouldNotBelieveYour3y3s,"999 Greenrose Dr, Macomb, MI 48042",Arthur,Jones,942
348,XEwMfnUiPY@KxhWOkKend,YouWouldNotBelieveYour3y3s,"999 Greenrose Dr, Macomb, MI 48042",Ashley,Khan,103
349,KgJSQLbiRW@ijGEeLCaVX,YesIamBen,"55 Ice Cream Ave, New York, NY 11010",Arthur,Goldman,802
350,alnxrAcupY@krCrHBkUTD,Boo!IamGhost,"55 Ice Cream Ave, New York, NY 11010",Alok,Coleman,715
351,jYORUulots@txKvtieHvy,Boo!IamGhost,"55 Ice Cream Ave, New York, NY 11010",Adam,Goldman,920
352,kOLHXWaQJD@pBNkAGTtRz,YesIamBen,"65 Egg Roll Road, NY 11011",Sarah,Johnson,962
353,XMVhOqrQUA@QxRYkbvERf,christmas,"918 Pumpkin Hill Dr, Bensalem, PA 19020",Mimi,Coleman,359
354,YWeCQIXQcZ@BvAQsvtfNh,YesIamBen,"55 Ice Cream Ave, New York, NY 11010",Simon,Holland,97
355,PYKGQAxlSs@ZlZaKDNkfU,letmeinn,"999 Greenrose Dr, Macomb, MI 48042",Ogadimma,Jones,348
356,KfdbBIlMWd@iyeHCRFXMq,Grr12,"999 Greenrose Dr, Macomb, MI 48042",Alok,Holland,623
357,CHJAlNRmrh@OcFxCHzvSZ,YouWouldNotBelieveYour3y3s,"999 Greenrose Dr, Macomb, MI 48042",Catherine,Johnson,845
358,UTdlWJzSNW@bRaoxlNxTP,christmas,"999 Greenrose Dr, Macomb, MI 48042",Alok,Holland,965
359,FsxNCtbBKe@xwaGLrNaMw,Grr12,"999 Greenrose Dr, Macomb, MI 48042",Adam,Coleman,756
360,DAuLgoHuDv@imKngVHIhb,LeggoMyEggo?,"65 Egg Roll Road, NY 11011",Ogadimma,Johansson,446
361,bhvANmBqfV@CLdNzqqaPT,happyhalloween,"55 Ice Cream Ave, New York, NY 11010",Arthur,Coleman,718
362,fJZtOpozkm@iYgFVAIpeB,Boo!IamGhost,"116 Allen Building, Durham, NC 27708",Mimi,Khan,750
363,GmWHYeTIoD@hOVugoDsNH,iluv2eatic3,"8323 New Avenue, Derry, NH 03038",Rohin,Johnson,441
364,aabXTevabJ@EDCcyqvqqK,DirtyDancing22,"999 Greenrose Dr, Macomb, MI 48042",Catherine,Khan,603
365,kYlkdWiCJO@LXWyJeqVzG,iluv2eatic3,"65 Egg Roll Road, NY 11011",Adam,Jones,322
366,wHIWJzJIAn@UxskqAfXXR,DirtyDancing22,"116 Allen Building, Durham, NC 27708",Catherine,Crick,728
367,yCxwOYdTpJ@XFgdTbKsqk,christmas,"42 Wallaby Way, Sydney, Australia 13456",Ashley,Khan,377
368,yEUJawEaWu@nCBIDNuNHT,DirtyDancing22,"8323 New Avenue, Derry, NH 03038",Simon,Smith,98
369,USPguMGudB@FQuPZWEcnb,christmas,"65 Egg Roll Road, NY 11011",Alok,Goldman,822
370,WBqZUWSGFm@CALdoRpEGE,letmeinn,"8323 New Avenue, Derry, NH 03038",Rohin,Khan,550
371,gtzKShPfgH@nKkzGHhaZD,YouWouldNotBelieveYour3y3s,"8323 New Avenue, Derry, NH 03038",Adam,Johnson,117
372,LauEGIlKkv@vtYDrCMtsi,iluv2eatic3,"42 Wallaby Way, Sydney, Australia 13456",Adam,Jones,161
373,LYERsrWvhE@cpzdAabElz,YouWouldNotBelieveYour3y3s,"999 Greenrose Dr, Macomb, MI 48042",Sarah,Crick,805
374,AwSRBQiaPB@jnyHnZdrLe,LeggoMyEggo?,"55 Ice Cream Ave, New York, NY 11010",Rohin,Khan,745
375,ETaUrXWvyn@eIxkaPLtAk,letmeinn,"999 Greenrose Dr, Macomb, MI 48042",Sarah,Johansson,762
376,xlEMfGxSiU@PYcaVwpPQa,LeggoMyEggo?,"55 Ice Cream Ave, New York, NY 11010",Ogadimma,Johansson,796
377,kxTKXNxpRR@jovyslVeuP,LeggoMyEggo?,"65 Egg Roll Road, NY 11011",Sarah,Goldman,985
378,PBSYadZeZf@fDrHmpfAbk,Grr12,"999 Greenrose Dr, Macomb, MI 48042",Alok,Johnson,269
379,NFMNGLtPwr@iMoXUaTxpo,Boo!IamGhost,"918 Pumpkin Hill Dr, Bensalem, PA 19020",Catherine,Watson,992
380,RPebJinFgF@JfgdVRvfFK,YouWouldNotBelieveYour3y3s,"450 Malibu St, Florida 21211",Ashley,Johnson,562
381,XiIEeHONyZ@avHrWoWrRJ,DirtyDancing22,"450 Malibu St, Florida 21211",Rohin,Crick,329
382,ogPoENiVHs@pHSZRpURYF,iluv2eatic3,"918 Pumpkin Hill Dr, Bensalem, PA 19020",Adam,Goldman,828
383,aWKDlLmwlV@aWzcjTTLyU,YouWouldNotBelieveYour3y3s,"55 Ice Cream Ave, New York, NY 11010",Arthur,Crick,552
384,ElyNqkxhJt@wgIdiuHnrZ,letmeinn,"116 Allen Building, Durham, NC 27708",Ashley,Watson,63
385,WAWdjhTyjB@fCNCiJpXZW,YesIamBen,"918 Pumpkin Hill Dr, Bensalem, PA 19020",Adam,Holland,273
386,GWmmuIMPbB@HQOdbfckoN,YouWouldNotBelieveYour3y3s,"65 Egg Roll Road, NY 11011",Simon,Goldman,125
387,XgCzdShnIz@rxKYUpNAsR,DirtyDancing22,"999 Greenrose Dr, Macomb, MI 48042",Sarah,Coleman,794
388,TiLoQRnzAu@dXbxnvfmBo,christmas,"116 Allen Building, Durham, NC 27708",Adam,Holland,129
389,SPSsbfwbKB@UHWefSEKfU,iluv2eatic3,"42 Wallaby Way, Sydney, Australia 13456",Ashley,Holland,6
390,zuBOUvmCNg@TyZVfSMrhb,DirtyDancing22,"8323 New Avenue, Derry, NH 03038",Adam,Crick,220
391,OPObmWybZc@cFKxwWfAEo,DirtyDancing22,"65 Egg Roll Road, NY 11011",Ashley,Khan,241
392,IpEJGafnSC@BxqQqaELIi,Boo!IamGhost,"450 Malibu St, Florida 21211",Catherine,Crick,561
393,YglyyuSatS@oPMYvZTvyR,LeggoMyEggo?,"55 Ice Cream Ave, New York, NY 11010",Rohin,Johnson,555
394,BRNGLuHrTN@lPKyVyfIwa,happyhalloween,"8323 New Avenue, Derry, NH 03038",Ashley,Smith,853
395,KZkNlrctzv@OTuXPFXNbY,iluv2eatic3,"999 Greenrose Dr, Macomb, MI 48042",Sarah,Crick,554
396,nKrphMjYbZ@oJewVlNZmE,LeggoMyEggo?,"55 Ice Cream Ave, New York, NY 11010",Adam,Goldman,414
397,CncXGPyyBb@NGUbYcCBVj,iluv2eatic3,"42 Wallaby Way, Sydney, Australia 13456",Sarah,Holland,28
398,UbMAwNZEbb@XWzycpyfhK,YesIamBen,"999 Greenrose Dr, Macomb, MI 48042",Mimi,Crick,924
399,XLKLQBsLcJ@QJtcAyLvGG,YouWouldNotBelieveYour3y3s,"450 Malibu St, Florida 21211",Ashley,Watson,374
400,igLGMVEwBa@RSYeKvPvEH,YesIamBen,"65 Egg Roll Road, NY 11011",Rohin,Watson,972
401,JSQnEzqONW@QddJgxPopL,DirtyDancing22,"450 Malibu St, Florida 21211",Mimi,Goldman,13
402,LweStiKinR@habRbCvDRV,iluv2eatic3,"116 Allen Building, Durham, NC 27708",Adam,Coleman,129
403,OMPcEaGzue@HYpvNkUobg,YouWouldNotBelieveYour3y3s,"55 Ice Cream Ave, New York, NY 11010",Catherine,Crick,362
404,OlInarQXVg@UgINedjgWL,YouWouldNotBelieveYour3y3s,"999 Greenrose Dr, Macomb, MI 48042",Arthur,Johansson,626
405,MOPkOvYZsH@xoFigNZeUn,YouWouldNotBelieveYour3y3s,"55 Ice Cream Ave, New York, NY 11010",Alok,Holland,989
406,jQwSRjtYAy@JDyMwobEpp,YesIamBen,"116 Allen Building, Durham, NC 27708",Sarah,Khan,667
407,wMmklxeIPo@zhzQhmLqQS,YouWouldNotBelieveYour3y3s,"42 Wallaby Way, Sydney, Australia 13456",Arthur,Watson,970
408,OrXfJmmDfo@agUxmSjjKA,Grr12,"116 Allen Building, Durham, NC 27708",Sarah,Crick,207
409,wvituzXVol@tViBKjQgXG,letmeinn,"65 Egg Roll Road, NY 11011",Mimi,Khan,942
410,aBHhzsGZYu@pOFbDCugCM,iluv2eatic3,"65 Egg Roll Road, NY 11011",Ogadimma,Watson,59
411,vrDsAIzkFY@dUqxsXCLeK,christmas,"918 Pumpkin Hill Dr, Bensalem, PA 19020",Adam,Johnson,194
412,BwAcCzJUmJ@AodXKeqfeJ,iluv2eatic3,"65 Egg Roll Road, NY 11011",Rohin,Coleman,553
413,JsPbciPVUT@DuqXaBqMic,Grr12,"65 Egg Roll Road, NY 11011",Adam,Johnson,957
414,luGWgoTwzK@SFbmbSTqET,happyhalloween,"450 Malibu St, Florida 21211",Simon,Smith,200
415,PwvEZApWRh@UVvLglILDS,YouWouldNotBelieveYour3y3s,"55 Ice Cream Ave, New York, NY 11010",Mimi,Khan,964
416,LqalWnaYut@sRBQBKZrnV,Grr12,"450 Malibu St, Florida 21211",Rohin,Jones,175
417,wPNxGbGNcI@JtQLmuEhiz,christmas,"918 Pumpkin Hill Dr, Bensalem, PA 19020",Arthur,Johnson,493
418,hveaYAJvBc@cnzaZWZdWW,christmas,"55 Ice Cream Ave, New York, NY 11010",Ashley,Crick,667
419,HMGqHpKuHq@fhlJIkhzNc,letmeinn,"55 Ice Cream Ave, New York, NY 11010",Sarah,Coleman,781
420,wQzcadHxJK@pDWHdsYnZX,Boo!IamGhost,"55 Ice Cream Ave, New York, NY 11010",Ogadimma,Goldman,525
421,RwyXdHKyti@EMwwpzjywN,YouWouldNotBelieveYour3y3s,"55 Ice Cream Ave, New York, NY 11010",Mimi,Coleman,373
422,BwvKQRqzHL@JSCwIoxLfj,happyhalloween,"999 Greenrose Dr, Macomb, MI 48042",Alok,Crick,758
423,xhJcIKGqzf@PTSAHVjLAR,happyhalloween,"116 Allen Building, Durham, NC 27708",Ogadimma,Watson,517
424,XdWWZvMOUU@HDDdDzHSvs,Boo!IamGhost,"42 Wallaby Way, Sydney, Australia 13456",Rohin,Johnson,182
425,fawbbnsiet@yQThSWuHLS,letmeinn,"8323 New Avenue, Derry, NH 03038",Ogadimma,Jones,172
426,NGyAkPrJyc@UWFrTdebtH,LeggoMyEggo?,"999 Greenrose Dr, Macomb, MI 48042",Simon,Holland,953
427,anegZbRnAo@geTLVoieJw,YesIamBen,"42 Wallaby Way, Sydney, Australia 13456",Arthur,Crick,791
428,IbaTJsBNRz@hCloIknrzY,DirtyDancing22,"116 Allen Building, Durham, NC 27708",Ashley,Goldman,797
429,NKUUQmvLkS@QwYVBoFXLZ,iluv2eatic3,"116 Allen Building, Durham, NC 27708",Catherine,Johansson,630
430,ahCzHdrPHc@FDuitOpCCq,Grr12,"999 Greenrose Dr, Macomb, MI 48042",Alok,Johnson,669
431,QFHlhpfBNv@XLZqEcutTl,christmas,"999 Greenrose Dr, Macomb, MI 48042",Adam,Smith,316
432,WbEBdnahiu@oACRKBdLmv,christmas,"999 Greenrose Dr, Macomb, MI 48042",Adam,Jones,743
433,FcABZtRfsH@tWbtulUJDl,LeggoMyEggo?,"999 Greenrose Dr, Macomb, MI 48042",Adam,Coleman,881
434,hfDWojKcBZ@zgixOfkLYL,YesIamBen,"65 Egg Roll Road, NY 11011",Ogadimma,Smith,151
435,OFMRvljRZT@nAOhbyeeIi,iluv2eatic3,"450 Malibu St, Florida 21211",Sarah,Jones,260
436,wFWJmCUkCC@OXlMvoDDjH,YesIamBen,"999 Greenrose Dr, Macomb, MI 48042",Sarah,Khan,6
437,fTXHQwwRcN@knjyHzIawg,letmeinn,"116 Allen Building, Durham, NC 27708",Rohin,Coleman,42
438,PepXosHoso@MggwzsfnzO,Grr12,"999 Greenrose Dr, Macomb, MI 48042",Ashley,Coleman,930
439,tJnZOKYaOS@jqhFeyIKoD,YouWouldNotBelieveYour3y3s,"42 Wallaby Way, Sydney, Australia 13456",Rohin,Johnson,210
440,RdndtAEgip@LjvkYLABMr,Grr12,"65 Egg Roll Road, NY 11011",Catherine,Coleman,577
441,VyiUOusSuL@pnwtJJnPRD,Grr12,"55 Ice Cream Ave, New York, NY 11010",Sarah,Crick,503
442,VSkaKQfoXC@wCBMugVHNf,happyhalloween,"999 Greenrose Dr, Macomb, MI 48042",Adam,Johnson,787
443,MZPwqGomUO@knbgPwtSqP,Grr12,"450 Malibu St, Florida 21211",Ogadimma,Khan,264
444,jcdbilTeHP@wHRZhBgntW,letmeinn,"65 Egg Roll Road, NY 11011",Arthur,Holland,16
445,GlKfuqBXIC@QhMdZFFGiB,DirtyDancing22,"8323 New Avenue, Derry, NH 03038",Ashley,Johnson,361
446,nwnngYnZSV@wjMYASJKkB,Boo!IamGhost,"65 Egg Roll Road, NY 11011",Simon,Khan,373
447,XcqJkoGAex@XvIIhLQuJv,YouWouldNotBelieveYour3y3s,"116 Allen Building, Durham, NC 27708",Mimi,Crick,289
448,WQVmzLuLTZ@kgchdWnbfO,happyhalloween,"999 Greenrose Dr, Macomb, MI 48042",Arthur,Holland,652
449,WzSixQdpBv@snSvgvpVaR,YouWouldNotBelieveYour3y3s,"8323 New Avenue, Derry, NH 03038",Adam,Coleman,853
450,NCtaRsqhUs@KfcxjufifH,christmas,"55 Ice Cream Ave, New York, NY 11010",Ogadimma,Watson,226
451,CECmSDGWQa@JLAhwaLtZU,christmas,"8323 New Avenue, Derry, NH 03038",Sarah,Khan,436
452,UoRBpfNbVE@NJdLBSaHBT,letmeinn,"65 Egg Roll Road, NY 11011",Alok,Johansson,114
453,tjOidcLDFM@bYHkZmiNBY,YouWouldNotBelieveYour3y3s,"8323 New Avenue, Derry, NH 03038",Ogadimma,Smith,932
454,kbOkXfHIIF@DMwCVtvCwr,iluv2eatic3,"116 Allen Building, Durham, NC 27708",Adam,Johnson,148
455,cDXIEDdDZP@DxoEmDcXDB,happyhalloween,"918 Pumpkin Hill Dr, Bensalem, PA 19020",Simon,Holland,325
456,fZssDRpRWj@yfpWyxeyDy,YouWouldNotBelieveYour3y3s,"116 Allen Building, Durham, NC 27708",Alok,Watson,306
457,qiBgGBvlGo@znDFwFdNhf,YesIamBen,"42 Wallaby Way, Sydney, Australia 13456",Arthur,Watson,649
458,rUvsTbUmrW@AtiRQtNusG,YesIamBen,"918 Pumpkin Hill Dr, Bensalem, PA 19020",Simon,Crick,640
459,KFkPaeahdI@xDOyMGOaYo,LeggoMyEggo?,"450 Malibu St, Florida 21211",Simon,Khan,544
460,pEOVoTdQMJ@FbeHtFuIzr,YesIamBen,"55 Ice Cream Ave, New York, NY 11010",Arthur,Khan,394
461,YmioLpROpe@qfHsbwkPwE,Grr12,"65 Egg Roll Road, NY 11011",Simon,Coleman,950
462,ApHqrwDxQE@AGJjZINQoU,iluv2eatic3,"65 Egg Roll Road, NY 11011",Sarah,Watson,897
463,DaTyRLzrJb@kotFkoYxMw,DirtyDancing22,"8323 New Avenue, Derry, NH 03038",Catherine,Holland,533
464,IShcqVBgny@rJmDzqftjF,happyhalloween,"116 Allen Building, Durham, NC 27708",Simon,Jones,319
465,sjbmGdckgn@DsVRvuEPCy,LeggoMyEggo?,"8323 New Avenue, Derry, NH 03038",Mimi,Holland,435
466,NRSSISDUpo@yhVGtnHqOf,letmeinn,"55 Ice Cream Ave, New York, NY 11010",Ogadimma,Johnson,955
467,uKWKXNUJzK@FdSywuzTIq,YesIamBen,"999 Greenrose Dr, Macomb, MI 48042",Arthur,Goldman,963
468,dkLVNpMjLU@quPOysuGxA,LeggoMyEggo?,"65 Egg Roll Road, NY 11011",Simon,Jones,992
469,zCFYpOQeVR@CbFoUSqMEY,YouWouldNotBelieveYour3y3s,"55 Ice Cream Ave, New York, NY 11010",Catherine,Johnson,780
470,OkDsIXxRCK@yBsNktfPdo,YesIamBen,"116 Allen Building, Durham, NC 27708",Adam,Johansson,491
471,hzrmesJMLu@AalPchYCFx,christmas,"116 Allen Building, Durham, NC 27708",Ogadimma,Johansson,155
472,vRmJasKBXY@qkUWMmtiLQ,iluv2eatic3,"8323 New Avenue, Derry, NH 03038",Sarah,Khan,851
473,ShCMmpmuNm@QMLXXDFHSo,Boo!IamGhost,"450 Malibu St, Florida 21211",Catherine,Jones,668
474,oYZzqTDowr@tLfWyvboBe,iluv2eatic3,"918 Pumpkin Hill Dr, Bensalem, PA 19020",Simon,Holland,759
475,zPAmENNLhK@JlOoGZlYbe,christmas,"55 Ice Cream Ave, New York, NY 11010",Sarah,Goldman,745
476,GUABiGETht@NmPPfqdHHL,YouWouldNotBelieveYour3y3s,"65 Egg Roll Road, NY 11011",Alok,Khan,925
477,FzzARYmCAB@UQVSpfSdVF,happyhalloween,"8323 New Avenue, Derry, NH 03038",Sarah,Johnson,542
478,LKusIKaMgt@IolIOWRIsJ,christmas,"918 Pumpkin Hill Dr, Bensalem, PA 19020",Sarah,Watson,266
479,jkSEslKwzY@TovPbSCoGk,happyhalloween,"65 Egg Roll Road, NY 11011",Ashley,Watson,465
480,cBuPnjnpYi@MhyazbTgtK,DirtyDancing22,"918 Pumpkin Hill Dr, Bensalem, PA 19020",Rohin,Coleman,149
481,TnwqZmvZQn@whVzLqKfXV,happyhalloween,"65 Egg Roll Road, NY 11011",Simon,Smith,923
482,pjvWREqRfs@ieYEvjvYmk,iluv2eatic3,"42 Wallaby Way, Sydney, Australia 13456",Rohin,Johansson,940
483,OotjkpPGpS@fQnNOSTOhV,YouWouldNotBelieveYour3y3s,"55 Ice Cream Ave, New York, NY 11010",Mimi,Goldman,534
484,UgzXVMvEdB@idefNqWMVU,DirtyDancing22,"116 Allen Building, Durham, NC 27708",Catherine,Khan,874
485,QMUfzHXIpm@MtzJHeMCGj,YesIamBen,"42 Wallaby Way, Sydney, Australia 13456",Mimi,Watson,730
486,tFsidruPLq@UvTKxIxVUK,YouWouldNotBelieveYour3y3s,"116 Allen Building, Durham, NC 27708",Adam,Johansson,969
487,AoahynaIeB@rvZNtAhorv,YouWouldNotBelieveYour3y3s,"42 Wallaby Way, Sydney, Australia 13456",Simon,Smith,503
488,IsVvICtHUB@yogEdfRWXr,christmas,"55 Ice Cream Ave, New York, NY 11010",Ashley,Khan,998
489,crAMHatNiD@nhPamANXpO,christmas,"999 Greenrose Dr, Macomb, MI 48042",Adam,Smith,270
490,TRWMHyWAQQ@cYwwTyWGXN,YouWouldNotBelieveYour3y3s,"918 Pumpkin Hill Dr, Bensalem, PA 19020",Catherine,Coleman,773
491,uqpMhSUfVt@BJWHDbPeDl,Boo!IamGhost,"918 Pumpkin Hill Dr, Bensalem, PA 19020",Sarah,Watson,246
492,vqnFfCiIKJ@XwTsQnBFaA,DirtyDancing22,"42 Wallaby Way, Sydney, Australia 13456",Ashley,Coleman,905
493,EaljzItvzi@EOoliOKczJ,DirtyDancing22,"918 Pumpkin Hill Dr, Bensalem, PA 19020",Simon,Crick,741
494,AkrDsSsQUr@qaPqSvPtaF,Grr12,"116 Allen Building, Durham, NC 27708",Ashley,Goldman,928
495,gfSkhBZIuD@eOcCxYMrRl,YouWouldNotBelieveYour3y3s,"55 Ice Cream Ave, New York, NY 11010",Adam,Coleman,159
496,DiaxxfEnpl@tOnDLCbZDO,YouWouldNotBelieveYour3y3s,"450 Malibu St, Florida 21211",Sarah,Coleman,73
497,CVpSfZrnuc@xIiqKrpgqa,LeggoMyEggo?,"450 Malibu St, Florida 21211",Rohin,Smith,899
498,GVcMlZaMuT@AdotzHrItE,Grr12,"42 Wallaby Way, Sydney, Australia 13456",Adam,Watson,944
499,XcHRkwbdDF@CIkdXCKeVJ,LeggoMyEggo?,"8323 New Avenue, Derry, NH 03038",Catherine,Watson,284
500,lmViBEdnQl@gVFYjeBhez,christmas,"450 Malibu St, Florida 21211",Rohin,Johnson,751
501,NAxFiqAUbK@PcfuteMMuM,iluv2eatic3,"8323 New Avenue, Derry, NH 03038",Arthur,Coleman,32
502,iIzlnjMOFH@btrFbtcSzK,DirtyDancing22,"8323 New Avenue, Derry, NH 03038",Adam,Johnson,808
503,ctnMdRwaBX@ZoKwVyWWDv,YouWouldNotBelieveYour3y3s,"918 Pumpkin Hill Dr, Bensalem, PA 19020",Ashley,Khan,231
504,OdzqWjtjmJ@YrKHZDmqye,Boo!IamGhost,"999 Greenrose Dr, Macomb, MI 48042",Alok,Johansson,70
505,ivxkgqpEbi@NejjcFMVid,YouWouldNotBelieveYour3y3s,"450 Malibu St, Florida 21211",Adam,Coleman,144
506,WELcoXuRGY@BZijERSMLs,YesIamBen,"8323 New Avenue, Derry, NH 03038",Ogadimma,Smith,557
507,mXnHaVrmza@KOCiCAzMak,Boo!IamGhost,"450 Malibu St, Florida 21211",Catherine,Coleman,163
508,czefeLMegH@hGfgIatEYi,YouWouldNotBelieveYour3y3s,"116 Allen Building, Durham, NC 27708",Sarah,Crick,421
509,EktRtCjvwN@lkoZledOUN,Grr12,"116 Allen Building, Durham, NC 27708",Arthur,Goldman,469
510,OCnvMSykeL@JFjlZuJTFW,DirtyDancing22,"999 Greenrose Dr, Macomb, MI 48042",Sarah,Watson,195
511,IArVmqikXB@HdtyTxcMuS,YesIamBen,"918 Pumpkin Hill Dr, Bensalem, PA 19020",Alok,Holland,224
512,ILHeKSolMV@rFRkVnEKQx,Grr12,"42 Wallaby Way, Sydney, Australia 13456",Adam,Holland,831
513,WwHjVKMXwx@qrSmXTATqW,LeggoMyEggo?,"65 Egg Roll Road, NY 11011",Adam,Jones,669
514,Ozuzbagwfl@pSfALErsou,iluv2eatic3,"450 Malibu St, Florida 21211",Arthur,Coleman,754
515,zfSUUaaoTT@GRxdDNasnr,YouWouldNotBelieveYour3y3s,"8323 New Avenue, Derry, NH 03038",Sarah,Coleman,981
516,wSpWxAwxuy@HUAyiZobty,Grr12,"116 Allen Building, Durham, NC 27708",Simon,Goldman,249
517,hIQQIPYScm@tcqOclXRYm,YesIamBen,"450 Malibu St, Florida 21211",Mimi,Johnson,811
518,DtzFgLmZQy@RccKDBQXqH,Boo!IamGhost,"42 Wallaby Way, Sydney, Australia 13456",Alok,Khan,255
519,czJQABFzub@iMKTxIYnCU,letmeinn,"999 Greenrose Dr, Macomb, MI 48042",Ashley,Crick,126
520,XhSJkgcXVU@JEnUucMHJL,LeggoMyEggo?,"918 Pumpkin Hill Dr, Bensalem, PA 19020",Mimi,Crick,531
521,XmvzMHXUlh@RckmHfQBkm,DirtyDancing22,"999 Greenrose Dr, Macomb, MI 48042",Rohin,Khan,963
522,eTSbhcUMVr@ngNRdaTHxu,iluv2eatic3,"55 Ice Cream Ave, New York, NY 11010",Ashley,Johansson,407
523,punvjbszGb@iZxQGMbaYw,christmas,"65 Egg Roll Road, NY 11011",Simon,Jones,778
524,JchqijORqw@iOLjeeocKk,iluv2eatic3,"42 Wallaby Way, Sydney, Australia 13456",Adam,Coleman,342
525,gBHRtUIZVk@BtshFNRaVX,Grr12,"55 Ice Cream Ave, New York, NY 11010",Mimi,Jones,731
526,WhAkfhBFvZ@BZvogRMxWm,YesIamBen,"8323 New Avenue, Derry, NH 03038",Ashley,Coleman,677
527,cQgXsUxhfF@VmXmnzAVkR,christmas,"116 Allen Building, Durham, NC 27708",Catherine,Smith,47
528,folvQaKWyW@aQOwfJADCx,happyhalloween,"65 Egg Roll Road, NY 11011",Rohin,Johnson,197
529,pInGMDBxSe@dqJubvFPTs,LeggoMyEggo?,"65 Egg Roll Road, NY 11011",Alok,Crick,461
530,anqwHesIHt@FxKTXoqeCw,Grr12,"55 Ice Cream Ave, New York, NY 11010",Simon,Johnson,772
531,RDmCzLLeuI@kSxCJkJRSV,Boo!IamGhost,"450 Malibu St, Florida 21211",Alok,Smith,342
532,izPQdPPBlJ@GYvEYwyjqh,Boo!IamGhost,"116 Allen Building, Durham, NC 27708",Rohin,Khan,995
533,AutUZROrbn@XvzmlaHFZd,christmas,"999 Greenrose Dr, Macomb, MI 48042",Catherine,Holland,66
534,SmvhmXisjc@njScIXyOBa,iluv2eatic3,"116 Allen Building, Durham, NC 27708",Catherine,Crick,734
535,nIRuxpqFtB@MZuUuDXXFv,DirtyDancing22,"116 Allen Building, Durham, NC 27708",Ogadimma,Crick,784
536,DZXHTgzbsa@HNnKtyBETW,YesIamBen,"450 Malibu St, Florida 21211",Rohin,Jones,751
537,YAkWcAfyal@XRltWGomYK,LeggoMyEggo?,"116 Allen Building, Durham, NC 27708",Mimi,Crick,41
538,COvojgHCCZ@FBYagxAgXf,LeggoMyEggo?,"116 Allen Building, Durham, NC 27708",Simon,Coleman,201
539,CqgcflzLOj@HEzidGBlif,YouWouldNotBelieveYour3y3s,"999 Greenrose Dr, Macomb, MI 48042",Alok,Coleman,448
540,nTJFLGzWSM@KgJiMFgNlj,YesIamBen,"55 Ice Cream Ave, New York, NY 11010",Sarah,Watson,579
541,BWHEVocPHy@OGVapJtkwO,Grr12,"116 Allen Building, Durham, NC 27708",Mimi,Johnson,985
542,jXdokvChqa@iMxCaRFUhY,happyhalloween,"918 Pumpkin Hill Dr, Bensalem, PA 19020",Adam,Coleman,581
543,QlDaQjJrQO@bDiteNdesu,YesIamBen,"116 Allen Building, Durham, NC 27708",Arthur,Goldman,72
544,qSegUnbaFq@nAZloObTRE,Boo!IamGhost,"42 Wallaby Way, Sydney, Australia 13456",Ogadimma,Smith,223
545,IjvaZGGrkz@wEFxGTQWil,YesIamBen,"8323 New Avenue, Derry, NH 03038",Ashley,Goldman,7
546,QWGsoxMUpK@jWeaovypbC,LeggoMyEggo?,"55 Ice Cream Ave, New York, NY 11010",Catherine,Smith,421
547,wHvNBYPCFB@cAOCVTTqHo,christmas,"450 Malibu St, Florida 21211",Arthur,Jones,938
548,IVnaBSFfyL@vnZAnEUlIV,Boo!IamGhost,"65 Egg Roll Road, NY 11011",Ogadimma,Coleman,864
549,VJSEQnejMc@mWWeruDusP,YouWouldNotBelieveYour3y3s,"8323 New Avenue, Derry, NH 03038",Adam,Johansson,941
550,joaukMUJJM@CBVsylbAdt,Boo!IamGhost,"8323 New Avenue, Derry, NH 03038",Simon,Crick,153
551,soTgfhmIwJ@QumKfshgru,YesIamBen,"918 Pumpkin Hill Dr, Bensalem, PA 19020",Simon,Smith,519
552,YoXTCTwYXE@ZohJBRIjQj,christmas,"116 Allen Building, Durham, NC 27708",Simon,Coleman,515
553,orkxktaIYe@NMhadbwooD,iluv2eatic3,"42 Wallaby Way, Sydney, Australia 13456",Adam,Crick,479
554,pHVTzWyEzm@cbtGiBDujG,christmas,"55 Ice Cream Ave, New York, NY 11010",Ashley,Watson,726
555,DjJuDuBzin@hXixbaFjvI,christmas,"65 Egg Roll Road, NY 11011",Adam,Watson,28
556,YfgjLbfYLl@YMhxZPzlFD,christmas,"55 Ice Cream Ave, New York, NY 11010",Rohin,Johansson,776
557,ajwzdvyqkX@BttoJrVmNI,DirtyDancing22,"450 Malibu St, Florida 21211",Alok,Smith,54
558,EvDWBhWbmw@IBzmWtYJku,iluv2eatic3,"42 Wallaby Way, Sydney, Australia 13456",Simon,Goldman,524
559,xhRKxHKqsu@ClFpOBvrqD,letmeinn,"999 Greenrose Dr, Macomb, MI 48042",Adam,Jones,440
560,APhkhITaGO@lUlnPqlwFa,iluv2eatic3,"999 Greenrose Dr, Macomb, MI 48042",Simon,Holland,94
561,azImiaefmB@gnNZAbPHsD,YesIamBen,"918 Pumpkin Hill Dr, Bensalem, PA 19020",Rohin,Holland,345
562,QOLobusDij@fVjnPwNHwS,YesIamBen,"55 Ice Cream Ave, New York, NY 11010",Alok,Khan,532
563,eJOxZvCYrd@KMlcShexfH,DirtyDancing22,"55 Ice Cream Ave, New York, NY 11010",Alok,Watson,888
564,LSTZPBlBmR@yuTUhypWuB,Boo!IamGhost,"55 Ice Cream Ave, New York, NY 11010",Sarah,Watson,985
565,sTFpribsiI@dTSrYZadHn,Grr12,"8323 New Avenue, Derry, NH 03038",Ashley,Jones,48
566,IqZbxGRcpR@wzdtMwvrpL,iluv2eatic3,"42 Wallaby Way, Sydney, Australia 13456",Arthur,Jones,375
567,FhdwMPZtmE@bKxDeAdpKi,YesIamBen,"55 Ice Cream Ave, New York, NY 11010",Mimi,Jones,287
568,SHmnQnpTqI@AVVkktTvNL,Boo!IamGhost,"450 Malibu St, Florida 21211",Catherine,Holland,105
569,AuEyGQoedb@SpXrxKsHyS,YesIamBen,"8323 New Avenue, Derry, NH 03038",Adam,Goldman,896
570,TESJpfXAdr@rpJLXGugIU,LeggoMyEggo?,"42 Wallaby Way, Sydney, Australia 13456",Ashley,Jones,502
571,wbQymuevuz@PZsuCgLVIt,Grr12,"42 Wallaby Way, Sydney, Australia 13456",Mimi,Khan,496
572,viQmIsuCBF@LZKsNAVwzn,iluv2eatic3,"999 Greenrose Dr, Macomb, MI 48042",Sarah,Holland,296
573,HILJywstsj@JakCNAqKnZ,Boo!IamGhost,"8323 New Avenue, Derry, NH 03038",Simon,Johnson,939
574,yaUdxphIqT@lWddhkvCGk,iluv2eatic3,"116 Allen Building, Durham, NC 27708",Rohin,Watson,435
575,glmVnoZpoF@oJFSklzlgM,christmas,"65 Egg Roll Road, NY 11011",Ashley,Khan,310
576,rZOrhVbiWP@DQvJlcUGbb,YesIamBen,"450 Malibu St, Florida 21211",Catherine,Smith,988
577,gpMNEXeECn@dyQheiTwcF,Grr12,"65 Egg Roll Road, NY 11011",Alok,Watson,61
578,PDscJoLkgU@dZscnFvsbh,christmas,"8323 New Avenue, Derry, NH 03038",Sarah,Holland,510
579,PWlxQgpopr@iUTgYpUoHV,YouWouldNotBelieveYour3y3s,"65 Egg Roll Road, NY 11011",Sarah,Johansson,799
580,vcbgQTIGpt@LJyfVMvsSC,Grr12,"116 Allen Building, Durham, NC 27708",Mimi,Crick,675
581,NIPEfVTgmx@HDFutXJSUQ,iluv2eatic3,"999 Greenrose Dr, Macomb, MI 48042",Catherine,Johansson,713
582,faCcmikEpU@eyeBKhyHON,YouWouldNotBelieveYour3y3s,"450 Malibu St, Florida 21211",Simon,Khan,753
583,DlnDodzYKy@TKVZZilprf,letmeinn,"116 Allen Building, Durham, NC 27708",Alok,Smith,568
584,WmHCHjYkRU@arbNDqEqUO,Boo!IamGhost,"65 Egg Roll Road, NY 11011",Catherine,Watson,810
585,JcomIqjsSr@MPKtGddoPG,YesIamBen,"55 Ice Cream Ave, New York, NY 11010",Simon,Smith,621
586,UUitJvmvCt@cKkjiBvLkQ,happyhalloween,"116 Allen Building, Durham, NC 27708",Mimi,Khan,907
587,kvNwoDnxFa@CKoIjpyLSj,letmeinn,"999 Greenrose Dr, Macomb, MI 48042",Alok,Coleman,159
588,WuhynMnuzi@gKnEUROrcF,letmeinn,"65 Egg Roll Road, NY 11011",Rohin,Johansson,984
589,aOhwQPpCMa@xOOccHiqXS,YouWouldNotBelieveYour3y3s,"450 Malibu St, Florida 21211",Catherine,Holland,404
590,OsqrMPcfPa@CKHwNhicZi,Grr12,"42 Wallaby Way, Sydney, Australia 13456",Ashley,Crick,859
591,dkTfTeSoOg@EkXZmXOgYQ,Boo!IamGhost,"918 Pumpkin Hill Dr, Bensalem, PA 19020",Adam,Johnson,280
592,uGLRlPmxjG@zswOeSjLlA,YesIamBen,"116 Allen Building, Durham, NC 27708",Ashley,Johansson,233
593,fhkBFOELOE@RTJNRLRtiV,Grr12,"8323 New Avenue, Derry, NH 03038",Simon,Johansson,512
594,gxCETvhntN@erhSEcmcQk,DirtyDancing22,"65 Egg Roll Road, NY 11011",Arthur,Jones,908
595,VoySNjgNJh@YPDThNtQkO,Boo!IamGhost,"65 Egg Roll Road, NY 11011",Ashley,Holland,744
596,kUaLEbvuyj@GBixfdwRhL,Boo!IamGhost,"65 Egg Roll Road, NY 11011",Ogadimma,Holland,405
597,XBHgSsbLCr@eLbOXEdZBQ,YouWouldNotBelieveYour3y3s,"55 Ice Cream Ave, New York, NY 11010",Adam,Khan,2
598,LHBcmGDiue@hMgICpnBzn,DirtyDancing22,"8323 New Avenue, Derry, NH 03038",Mimi,Johansson,45
599,ZjMHFlSreG@rVPuBXdYNp,YouWouldNotBelieveYour3y3s,"918 Pumpkin Hill Dr, Bensalem, PA 19020",Ashley,Goldman,643
600,ZciGgFpwwL@QuhySalDJK,happyhalloween,"116 Allen Building, Durham, NC 27708",Rohin,Johnson,837
601,wboMmKmPeG@fFwHNwaHsc,happyhalloween,"450 Malibu St, Florida 21211",Rohin,Watson,235
602,SpmbfgvAYh@ztXAxPEMjv,Boo!IamGhost,"8323 New Avenue, Derry, NH 03038",Adam,Khan,990
603,FeRmbAkGfX@ELuItUwwMT,Grr12,"8323 New Avenue, Derry, NH 03038",Alok,Watson,644
604,LwttaatPQv@UnlGuYbdyd,christmas,"65 Egg Roll Road, NY 11011",Alok,Watson,848
605,XrhWfnuWfT@PfGaNgOdKg,YesIamBen,"65 Egg Roll Road, NY 11011",Ogadimma,Coleman,818
606,zbkwhlZXjZ@BddFIsNznr,LeggoMyEggo?,"918 Pumpkin Hill Dr, Bensalem, PA 19020",Alok,Holland,673
607,UPkBXPcKYA@IzwLaxPoyM,iluv2eatic3,"999 Greenrose Dr, Macomb, MI 48042",Ashley,Johnson,80
608,dMjFdMnuxG@QsdnUgVAYZ,christmas,"116 Allen Building, Durham, NC 27708",Ashley,Crick,687
609,XpbqtduAQh@tTivjvDszl,Grr12,"42 Wallaby Way, Sydney, Australia 13456",Ogadimma,Crick,75
610,roXduyISVO@TLbaFjHyMy,christmas,"55 Ice Cream Ave, New York, NY 11010",Simon,Smith,652
611,IqrvqdljTB@wbcmwfEWgS,YesIamBen,"65 Egg Roll Road, NY 11011",Mimi,Coleman,610
612,zVNMiKQiIi@mVdyQudSgG,letmeinn,"55 Ice Cream Ave, New York, NY 11010",Arthur,Crick,684
613,udHlgsnfSY@IRHifBmnFm,Grr12,"918 Pumpkin Hill Dr, Bensalem, PA 19020",Arthur,Khan,833
614,opAgofIhnH@FtulYtRhAU,iluv2eatic3,"65 Egg Roll Road, NY 11011",Catherine,Smith,55
615,JmwCWjGQXR@HYpanpsIOx,christmas,"918 Pumpkin Hill Dr, Bensalem, PA 19020",Ogadimma,Jones,49
616,nmuhocscGf@TIbJuLiEkL,YesIamBen,"918 Pumpkin Hill Dr, Bensalem, PA 19020",Arthur,Johansson,822
617,ZeJBmLkkUP@jTqaveOafJ,Boo!IamGhost,"42 Wallaby Way, Sydney, Australia 13456",Sarah,Crick,219
618,igikhXlgYW@rAEIVpHSFR,iluv2eatic3,"55 Ice Cream Ave, New York, NY 11010",Mimi,Jones,285
619,dyxlllRqTO@XEoUqDjXTC,Grr12,"55 Ice Cream Ave, New York, NY 11010",Ogadimma,Khan,350
620,SXimwAwQqS@gNBFxPJwSo,YesIamBen,"116 Allen Building, Durham, NC 27708",Arthur,Goldman,308
621,TdRCFysVje@XzoVRVPgOe,happyhalloween,"116 Allen Building, Durham, NC 27708",Catherine,Goldman,418
622,rXvlEjVRDi@MjnUHvoKlM,DirtyDancing22,"918 Pumpkin Hill Dr, Bensalem, PA 19020",Arthur,Watson,102
623,cgGklsFOEt@EsvZhgOvuS,LeggoMyEggo?,"55 Ice Cream Ave, New York, NY 11010",Simon,Goldman,19
624,UmPiQCMIJv@vgMZxCayIL,YesIamBen,"55 Ice Cream Ave, New York, NY 11010",Arthur,Coleman,73
625,IfaOzykaip@rqGGYpYJKu,happyhalloween,"116 Allen Building, Durham, NC 27708",Mimi,Coleman,633
626,VvpAddCDGf@eAEninWAhO,YesIamBen,"42 Wallaby Way, Sydney, Australia 13456",Ogadimma,Goldman,296
627,aKFeiPlGji@FbYiLQyOUI,iluv2eatic3,"999 Greenrose Dr, Macomb, MI 48042",Simon,Khan,206
628,PpKPVaGnBB@mfhXPKNDaP,LeggoMyEggo?,"999 Greenrose Dr, Macomb, MI 48042",Rohin,Holland,326
629,MSkKfVMxCq@BUiNLpWcEx,DirtyDancing22,"999 Greenrose Dr, Macomb, MI 48042",Sarah,Johansson,974
630,HZtKykswTU@qQFaJrUuhS,DirtyDancing22,"8323 New Avenue, Derry, NH 03038",Adam,Watson,180
631,yCXsPAQVEc@OGOKaczLMJ,christmas,"116 Allen Building, Durham, NC 27708",Simon,Johansson,701
632,fULuPPDAcW@BGpzPVDBuj,Grr12,"8323 New Avenue, Derry, NH 03038",Arthur,Smith,160
633,TvAlXUdvIr@btjSxAiRQO,Grr12,"450 Malibu St, Florida 21211",Catherine,Johansson,485
634,TQttjWkCqM@omuDdcubSg,happyhalloween,"918 Pumpkin Hill Dr, Bensalem, PA 19020",Alok,Jones,487
635,WuIihBTpOh@IpfEvInWII,YouWouldNotBelieveYour3y3s,"999 Greenrose Dr, Macomb, MI 48042",Ogadimma,Johansson,818
636,BnyPLzFoxf@QKWvhNkKfB,christmas,"55 Ice Cream Ave, New York, NY 11010",Mimi,Jones,261
637,ZqhhVMLjlm@KkvpastVbL,DirtyDancing22,"42 Wallaby Way, Sydney, Australia 13456",Ashley,Crick,491
638,jZeRIhMKbR@AObYPayHhs,YouWouldNotBelieveYour3y3s,"8323 New Avenue, Derry, NH 03038",Rohin,Watson,380
639,GfJZSHtniM@sHdeRXsYYp,Boo!IamGhost,"65 Egg Roll Road, NY 11011",Alok,Goldman,553
640,JYbKjUaIiR@EtbOMRRXVt,Grr12,"55 Ice Cream Ave, New York, NY 11010",Simon,Johnson,919
641,hjTTvUGwqY@LdllusxWya,iluv2eatic3,"8323 New Avenue, Derry, NH 03038",Sarah,Johnson,919
642,EvZmhvYhDX@MPffpTvbtc,LeggoMyEggo?,"918 Pumpkin Hill Dr, Bensalem, PA 19020",Arthur,Smith,657
643,TLprIXPCdO@ljapRJgkIo,christmas,"65 Egg Roll Road, NY 11011",Rohin,Jones,434
644,ecPrbiLOJE@PbgnqPRujD,LeggoMyEggo?,"8323 New Avenue, Derry, NH 03038",Sarah,Jones,601
645,XcOMRfmEkV@NoGUdjmmEp,YesIamBen,"918 Pumpkin Hill Dr, Bensalem, PA 19020",Simon,Johnson,458
646,cOgOvcJVIk@jzGTkyxESY,christmas,"116 Allen Building, Durham, NC 27708",Arthur,Smith,464
647,lOYlGWkwRB@oedbFtsGON,christmas,"55 Ice Cream Ave, New York, NY 11010",Ogadimma,Holland,174
648,gEKNXpcQde@sGQuzVvqeS,LeggoMyEggo?,"42 Wallaby Way, Sydney, Australia 13456",Ogadimma,Smith,135
649,lKEjonqpAy@NQQIaNunDf,Boo!IamGhost,"65 Egg Roll Road, NY 11011",Alok,Johansson,447
650,aRlCwSWAlU@iOwiZcSRvD,letmeinn,"8323 New Avenue, Derry, NH 03038",Catherine,Johnson,68
651,bxjozLLuqp@JJdbCHTWvc,Boo!IamGhost,"450 Malibu St, Florida 21211",Adam,Goldman,966
652,dVNTRlaNYO@tniuVRctfi,Boo!IamGhost,"450 Malibu St, Florida 21211",Adam,Holland,260
653,EcdWpVJvrz@eUzzSAGLJz,iluv2eatic3,"450 Malibu St, Florida 21211",Sarah,Coleman,246
654,gRLgXxAhbr@AamNWbskaM,happyhalloween,"55 Ice Cream Ave, New York, NY 11010",Simon,Johansson,987
655,CoavNFqmqD@AlrLOFgjEY,happyhalloween,"999 Greenrose Dr, Macomb, MI 48042",Adam,Khan,818
656,tjaCVmNmtP@lxnOIcmQeX,Boo!IamGhost,"116 Allen Building, Durham, NC 27708",Adam,Goldman,508
657,yHPtPdvtzj@wSzGjzNfKH,LeggoMyEggo?,"116 Allen Building, Durham, NC 27708",Alok,Goldman,289
658,pNuovTPCgf@IzwMfhfXJk,LeggoMyEggo?,"8323 New Avenue, Derry, NH 03038",Sarah,Watson,923
659,KNPnjQTKdU@REMRpedGLd,Grr12,"999 Greenrose Dr, Macomb, MI 48042",Sarah,Crick,908
660,uExfueGIad@QRDkBwWbsp,Grr12,"42 Wallaby Way, Sydney, Australia 13456",Adam,Jones,494
661,rUgPBHWmNg@ZjoTzQqypL,Grr12,"999 Greenrose Dr, Macomb, MI 48042",Simon,Goldman,46
662,GGXIziYyFp@KZJnJZENSg,LeggoMyEggo?,"116 Allen Building, Durham, NC 27708",Arthur,Smith,486
663,ZdxMxCdApP@QuUacNssVs,DirtyDancing22,"450 Malibu St, Florida 21211",Arthur,Crick,867
664,wGhUXkSwik@rVVcyKNAkX,letmeinn,"65 Egg Roll Road, NY 11011",Simon,Coleman,519
665,MMpcqHYLVl@AhxWysMCWB,YouWouldNotBelieveYour3y3s,"999 Greenrose Dr, Macomb, MI 48042",Sarah,Khan,8
666,SXdLNZrwEf@iUlnmoMiyK,DirtyDancing22,"450 Malibu St, Florida 21211",Sarah,Coleman,889
667,gSGJbAWPJq@ITBboyXNQE,christmas,"116 Allen Building, Durham, NC 27708",Simon,Johansson,84
668,MHzWHFhUpL@gsIPUktJUB,letmeinn,"42 Wallaby Way, Sydney, Australia 13456",Catherine,Coleman,322
669,pRTUqXwxhq@oonvzMORpC,letmeinn,"8323 New Avenue, Derry, NH 03038",Rohin,Holland,987
670,jPurTdooTm@BLcDdunZiv,DirtyDancing22,"450 Malibu St, Florida 21211",Ashley,Holland,513
671,nuJJkISxAp@jCtawqjkCO,happyhalloween,"999 Greenrose Dr, Macomb, MI 48042",Catherine,Holland,813
672,OEMVOlTLPd@sujsGcNPrD,YouWouldNotBelieveYour3y3s,"116 Allen Building, Durham, NC 27708",Ogadimma,Johansson,812
673,bpvKpOgduN@mjZfPlXmoQ,YesIamBen,"116 Allen Building, Durham, NC 27708",Sarah,Jones,699
674,njHVHVGSNW@SqhLhNlvJB,christmas,"999 Greenrose Dr, Macomb, MI 48042",Arthur,Khan,500
675,vIjFAIpEuG@MXVoitdpES,YesIamBen,"42 Wallaby Way, Sydney, Australia 13456",Sarah,Jones,368
676,KxdkExEyOZ@qAhtarwtVI,DirtyDancing22,"450 Malibu St, Florida 21211",Mimi,Holland,705
677,zYfysyZyIc@yqigZxZQmt,YouWouldNotBelieveYour3y3s,"65 Egg Roll Road, NY 11011",Simon,Khan,767
678,jFKhIZaAjw@wlcZGQofzO,iluv2eatic3,"55 Ice Cream Ave, New York, NY 11010",Arthur,Jones,8
679,exClCICUbS@oIlJQokdOY,letmeinn,"55 Ice Cream Ave, New York, NY 11010",Simon,Johnson,567
680,FlhRkwzPon@kIYAJhPOpd,YesIamBen,"55 Ice Cream Ave, New York, NY 11010",Mimi,Crick,921
681,SkSTJamrty@DfICoOhdHz,YesIamBen,"450 Malibu St, Florida 21211",Simon,Coleman,324
682,Fuitwlzyti@VxQhZrHPvL,Grr12,"918 Pumpkin Hill Dr, Bensalem, PA 19020",Arthur,Jones,409
683,rPirpoupUI@nUGBzfOCIl,Grr12,"999 Greenrose Dr, Macomb, MI 48042",Arthur,Coleman,799
684,wTKPjdrWcn@JBZFxWNGLL,YouWouldNotBelieveYour3y3s,"918 Pumpkin Hill Dr, Bensalem, PA 19020",Alok,Jones,9
685,fvzlXkMRYM@sGioYHCPfD,letmeinn,"116 Allen Building, Durham, NC 27708",Rohin,Coleman,68
686,cAAYDlFtYq@uCucdGGsqs,DirtyDancing22,"918 Pumpkin Hill Dr, Bensalem, PA 19020",Adam,Jones,428
687,nNabtWOACQ@BMEycYZzTR,YesIamBen,"999 Greenrose Dr, Macomb, MI 48042",Ashley,Smith,663
688,ovyNvoTDqt@rZleGwrOxX,DirtyDancing22,"450 Malibu St, Florida 21211",Ashley,Khan,79
689,gOScfkJUJS@MMRFnrBZMs,Grr12,"918 Pumpkin Hill Dr, Bensalem, PA 19020",Alok,Watson,818
690,SCSGSnqWND@iRivrNBPFl,Boo!IamGhost,"116 Allen Building, Durham, NC 27708",Rohin,Khan,626
691,wQVopDxRfO@gZALUHdyIY,iluv2eatic3,"55 Ice Cream Ave, New York, NY 11010",Alok,Johansson,347
692,raUXtkgZFg@LbbqSrVwUd,letmeinn,"999 Greenrose Dr, Macomb, MI 48042",Ogadimma,Johnson,253
693,DYtMxXMbyK@RfRpTaYPRK,happyhalloween,"116 Allen Building, Durham, NC 27708",Simon,Jones,974
694,blZThdYQGs@ZVdCOcKfVQ,Grr12,"42 Wallaby Way, Sydney, Australia 13456",Ogadimma,Jones,28
695,zPthorXEAO@OZTEBhcneK,DirtyDancing22,"450 Malibu St, Florida 21211",Rohin,Crick,455
696,qAWmUhtwVp@OUcIXlkRrK,iluv2eatic3,"999 Greenrose Dr, Macomb, MI 48042",Adam,Watson,828
697,TPodgenGOL@JDUUZTLwFS,happyhalloween,"55 Ice Cream Ave, New York, NY 11010",Simon,Khan,641
698,AvmueZAHSB@qmjIWLMVls,LeggoMyEggo?,"55 Ice Cream Ave, New York, NY 11010",Rohin,Goldman,617
699,qjxBsluNvh@KjLzKUzzEx,YouWouldNotBelieveYour3y3s,"8323 New Avenue, Derry, NH 03038",Catherine,Crick,875
700,yruVxEEmrA@ilHejbGCMD,Boo!IamGhost,"55 Ice Cream Ave, New York, NY 11010",Sarah,Watson,555
701,NdvoXUgtIs@hySeFXMQFS,happyhalloween,"65 Egg Roll Road, NY 11011",Adam,Holland,683
702,WpwUyNiUtz@GUeaAQMbig,Boo!IamGhost,"8323 New Avenue, Derry, NH 03038",Sarah,Johnson,19
703,hGtOtcNFqL@PkgAjtMNbW,DirtyDancing22,"55 Ice Cream Ave, New York, NY 11010",Ashley,Coleman,835
704,rZPjPlIFaU@xerTlmAcCY,YouWouldNotBelieveYour3y3s,"999 Greenrose Dr, Macomb, MI 48042",Ashley,Johansson,364
705,LALYRVbCQK@CrdeOgvTVS,happyhalloween,"55 Ice Cream Ave, New York, NY 11010",Ogadimma,Johnson,46
706,AuAdAgAExy@FLlPcoMjBX,iluv2eatic3,"918 Pumpkin Hill Dr, Bensalem, PA 19020",Ogadimma,Johansson,2
707,VuNNDsexJp@MnfffxEIPv,YouWouldNotBelieveYour3y3s,"65 Egg Roll Road, NY 11011",Simon,Holland,651
708,dHEyzcHZvV@umcLFoHPPr,DirtyDancing22,"450 Malibu St, Florida 21211",Alok,Jones,384
709,QvGhLydhUK@HNsdiHqDpe,iluv2eatic3,"42 Wallaby Way, Sydney, Australia 13456",Catherine,Johnson,990
710,bQfpWbgsdw@HwIIYtOnsS,LeggoMyEggo?,"42 Wallaby Way, Sydney, Australia 13456",Alok,Johansson,890
711,AYjYcuQXim@eenrlpNkYz,YesIamBen,"116 Allen Building, Durham, NC 27708",Sarah,Goldman,582
712,tlWNITrUcA@EHEpLzWQLI,iluv2eatic3,"116 Allen Building, Durham, NC 27708",Mimi,Khan,224
713,nlztAmEAMb@bUAkKxLSaU,christmas,"999 Greenrose Dr, Macomb, MI 48042",Arthur,Johansson,938
714,xPCQOuQtyu@bwOcWCkYfw,Boo!IamGhost,"55 Ice Cream Ave, New York, NY 11010",Ashley,Johnson,303
715,aTSASyrjeu@gbCVIvFfFq,happyhalloween,"42 Wallaby Way, Sydney, Australia 13456",Adam,Crick,786
716,BkkhvMZBBd@HzcOXsPPwy,LeggoMyEggo?,"65 Egg Roll Road, NY 11011",Catherine,Watson,644
717,feiytpTxgA@QiXeArGmst,christmas,"116 Allen Building, Durham, NC 27708",Sarah,Goldman,990
718,SoXoqWeZbD@gZdAGysCxo,happyhalloween,"918 Pumpkin Hill Dr, Bensalem, PA 19020",Arthur,Smith,107
719,FtHnAiIZRS@NZZHNEJAGV,DirtyDancing22,"116 Allen Building, Durham, NC 27708",Adam,Goldman,281
720,SSwdFtvSpI@TRbgBIEKnk,christmas,"116 Allen Building, Durham, NC 27708",Adam,Goldman,124
721,CsAFMeeWUO@kfzYmCpXgn,letmeinn,"918 Pumpkin Hill Dr, Bensalem, PA 19020",Catherine,Jones,353
722,GZdzwqLJPe@dyENGupecj,LeggoMyEggo?,"42 Wallaby Way, Sydney, Australia 13456",Alok,Coleman,784
723,nPIDOpixTu@QkdLTwUDcT,letmeinn,"65 Egg Roll Road, NY 11011",Simon,Khan,613
724,fQQHcDijlc@xUystNnGtJ,Boo!IamGhost,"65 Egg Roll Road, NY 11011",Rohin,Khan,71
725,xoirGoNACY@JTbEbslLdu,Boo!IamGhost,"8323 New Avenue, Derry, NH 03038",Sarah,Coleman,898
726,OBsXMVodRu@xUvddfvbkk,LeggoMyEggo?,"42 Wallaby Way, Sydney, Australia 13456",Alok,Johnson,378
727,bbLaKALdgf@KUNmEGacAL,Boo!IamGhost,"116 Allen Building, Durham, NC 27708",Sarah,Johansson,983
728,bQQnbAakGC@HpyfoVnqZg,happyhalloween,"55 Ice Cream Ave, New York, NY 11010",Alok,Watson,505
729,XihlGPrpDX@uOZwxoCjOU,christmas,"8323 New Avenue, Derry, NH 03038",Catherine,Coleman,154
730,oLxZLuJxfL@EDvLcQxFaB,Boo!IamGhost,"55 Ice Cream Ave, New York, NY 11010",Adam,Coleman,762
731,VzQSYvDvyP@yDjACSzBtW,YouWouldNotBelieveYour3y3s,"8323 New Avenue, Derry, NH 03038",Alok,Khan,667
732,jxIeJHnGYM@OceKIiqgZe,Grr12,"65 Egg Roll Road, NY 11011",Adam,Holland,605
733,TjdzQdnyaS@PEuuxdfGVz,Boo!IamGhost,"55 Ice Cream Ave, New York, NY 11010",Adam,Crick,308
734,HWMdFSAhlW@pcYCmjDSnE,iluv2eatic3,"55 Ice Cream Ave, New York, NY 11010",Sarah,Crick,867
735,duJrdaqjdo@rssONzaYXw,LeggoMyEggo?,"999 Greenrose Dr, Macomb, MI 48042",Arthur,Goldman,86
736,xxPsSXhtvR@HzTbGHvkfW,Boo!IamGhost,"116 Allen Building, Durham, NC 27708",Arthur,Goldman,268
737,KYjXbZTgOz@dyHVasydEd,YouWouldNotBelieveYour3y3s,"8323 New Avenue, Derry, NH 03038",Ogadimma,Jones,277
738,eUHtVEmwWJ@RcJGcbYkEw,iluv2eatic3,"450 Malibu St, Florida 21211",Mimi,Watson,957
739,OgcfWSpkol@HYOqjeGFLe,letmeinn,"8323 New Avenue, Derry, NH 03038",Alok,Watson,761
740,uIucDfKNCq@RbBcCyaGVW,DirtyDancing22,"450 Malibu St, Florida 21211",Mimi,Johnson,341
741,xpsBSsAIBK@ztuZPciqIl,LeggoMyEggo?,"65 Egg Roll Road, NY 11011",Rohin,Holland,673
742,AdjJXpqfva@nsajXgPjmE,happyhalloween,"8323 New Avenue, Derry, NH 03038",Adam,Watson,380
743,xPoPQNixwB@OypJhPiMls,YouWouldNotBelieveYour3y3s,"918 Pumpkin Hill Dr, Bensalem, PA 19020",Ashley,Watson,432
744,SpPLepnmUf@WUbpWCYUjD,iluv2eatic3,"8323 New Avenue, Derry, NH 03038",Simon,Jones,190
745,AeMrNulbJl@rnIFzESSYQ,LeggoMyEggo?,"999 Greenrose Dr, Macomb, MI 48042",Ogadimma,Jones,898
746,pJKVKXeQEH@RiUzfpZoWl,DirtyDancing22,"918 Pumpkin Hill Dr, Bensalem, PA 19020",Catherine,Johnson,885
747,jlitNNClOj@ldIPGQXQav,DirtyDancing22,"918 Pumpkin Hill Dr, Bensalem, PA 19020",Sarah,Johnson,120
748,iPxJrMRtWN@pGDpCHhqRZ,DirtyDancing22,"918 Pumpkin Hill Dr, Bensalem, PA 19020",Arthur,Crick,993
749,PMpSRMIpXc@qQgJwXkhib,happyhalloween,"65 Egg Roll Road, NY 11011",Ashley,Johnson,299
750,XXIYZMGHBY@biPCKJopns,letmeinn,"450 Malibu St, Florida 21211",Mimi,Holland,940
751,GqberhdVKP@lcOPRCqWVE,iluv2eatic3,"8323 New Avenue, Derry, NH 03038",Rohin,Johansson,92
752,oYyxCwzPBB@pvyAoPcJJf,happyhalloween,"8323 New Avenue, Derry, NH 03038",Catherine,Crick,160
753,DsxuvXIXWo@lcUfhTKoSm,christmas,"8323 New Avenue, Derry, NH 03038",Alok,Jones,860
754,JBUAJBPUsf@USCspgZZfB,YesIamBen,"999 Greenrose Dr, Macomb, MI 48042",Catherine,Coleman,545
755,MRGsczpxGJ@MMzpyczzHc,YesIamBen,"918 Pumpkin Hill Dr, Bensalem, PA 19020",Alok,Jones,676
756,iXXwfLwwbd@cAxHKwrguj,YesIamBen,"65 Egg Roll Road, NY 11011",Simon,Johnson,931
757,DImdzJPduA@PqYxzHujPn,DirtyDancing22,"55 Ice Cream Ave, New York, NY 11010",Alok,Johnson,440
758,HXFTUAddpf@DkbzTgNtay,YesIamBen,"116 Allen Building, Durham, NC 27708",Alok,Goldman,99
759,bKPpxFysga@HrDIwMSfZw,christmas,"65 Egg Roll Road, NY 11011",Simon,Johnson,688
760,vCbSjEvTOo@wplizcrLtj,LeggoMyEggo?,"55 Ice Cream Ave, New York, NY 11010",Ogadimma,Coleman,360
761,ybNxqkpGPC@BVCChwDRKc,YouWouldNotBelieveYour3y3s,"999 Greenrose Dr, Macomb, MI 48042",Catherine,Crick,309
762,INCsQaBSaP@xUhobETXEx,happyhalloween,"999 Greenrose Dr, Macomb, MI 48042",Adam,Khan,276
763,UxKbfhRucf@nnTVogNdWh,LeggoMyEggo?,"918 Pumpkin Hill Dr, Bensalem, PA 19020",Ogadimma,Coleman,320
764,YZXDOtBXWQ@DLCXOmQxDA,DirtyDancing22,"999 Greenrose Dr, Macomb, MI 48042",Ogadimma,Watson,49
765,EXWtVxEQdG@FqUurHfBFx,YouWouldNotBelieveYour3y3s,"999 Greenrose Dr, Macomb, MI 48042",Alok,Khan,464
766,fhZbMhyQYG@eiLxzwZTcC,LeggoMyEggo?,"8323 New Avenue, Derry, NH 03038",Rohin,Goldman,10
767,ucapsVATRn@fVpWaJIzGk,YouWouldNotBelieveYour3y3s,"65 Egg Roll Road, NY 11011",Catherine,Khan,692
768,YgfdehpltX@RfjRaIwSOc,christmas,"42 Wallaby Way, Sydney, Australia 13456",Rohin,Goldman,453
769,XkJTbXCmRa@jmqdsORWLc,Grr12,"42 Wallaby Way, Sydney, Australia 13456",Sarah,Goldman,704
770,kAcOYAjKKZ@mmjBalYaZp,DirtyDancing22,"450 Malibu St, Florida 21211",Mimi,Goldman,897
771,jlhFLHdzIB@RJQYJAbmWC,YouWouldNotBelieveYour3y3s,"918 Pumpkin Hill Dr, Bensalem, PA 19020",Mimi,Johansson,367
772,gdsfyeCEVN@rICElVBGvD,christmas,"999 Greenrose Dr, Macomb, MI 48042",Rohin,Jones,58
773,CSDViUtTWM@zHbdjoddGe,LeggoMyEggo?,"42 Wallaby Way, Sydney, Australia 13456",Mimi,Goldman,575
774,XfofQJBAsP@WrsXWZwTDI,happyhalloween,"8323 New Avenue, Derry, NH 03038",Ogadimma,Goldman,397
775,NLGwOmlgTG@UxjqGghNEm,YouWouldNotBelieveYour3y3s,"42 Wallaby Way, Sydney, Australia 13456",Alok,Johansson,651
776,xJtvHZCQWl@wbdzafxLJn,happyhalloween,"116 Allen Building, Durham, NC 27708",Arthur,Johnson,107
777,MrRIWoXjhB@mwfopNcFHI,happyhalloween,"55 Ice Cream Ave, New York, NY 11010",Sarah,Holland,42
778,RMdTgXMwhn@KLdDpkglsd,YesIamBen,"65 Egg Roll Road, NY 11011",Catherine,Goldman,337
779,FeSVIEpJDd@ZrClvdFTXH,LeggoMyEggo?,"918 Pumpkin Hill Dr, Bensalem, PA 19020",Alok,Holland,528
780,aKvTyjHndy@eakARsNXIm,christmas,"450 Malibu St, Florida 21211",Adam,Watson,427
781,JSKdVmpqzE@YLulLlDJfH,YesIamBen,"55 Ice Cream Ave, New York, NY 11010",Rohin,Crick,929
782,MbusMqAzUJ@HllrTQzqGz,DirtyDancing22,"450 Malibu St, Florida 21211",Adam,Smith,390
783,rnSULxXZDC@mLTwStAyOD,YesIamBen,"918 Pumpkin Hill Dr, Bensalem, PA 19020",Simon,Johansson,298
784,sUDNxaheJU@jpQwMRZLJe,YouWouldNotBelieveYour3y3s,"65 Egg Roll Road, NY 11011",Sarah,Smith,535
785,jTreTKzqfY@VXKkqJrABc,DirtyDancing22,"65 Egg Roll Road, NY 11011",Ogadimma,Smith,731
786,DbCmJyhLSl@oSRGoNMKqd,christmas,"8323 New Avenue, Derry, NH 03038",Alok,Khan,44
787,eNOpAByfQk@QEjXNKQpbK,letmeinn,"55 Ice Cream Ave, New York, NY 11010",Ashley,Coleman,401
788,BjBtoWGVTw@TWKVUleqbw,Grr12,"42 Wallaby Way, Sydney, Australia 13456",Arthur,Khan,522
789,wljXLkLHsc@SlAXCDapGk,christmas,"999 Greenrose Dr, Macomb, MI 48042",Simon,Goldman,809
790,ZEOjuqXBSX@tzBFzlvmfE,Grr12,"8323 New Avenue, Derry, NH 03038",Sarah,Khan,327
791,KjBiESVDuv@UnVIuREiXT,YesIamBen,"450 Malibu St, Florida 21211",Catherine,Khan,335
792,yiYBAOqAgv@KhhioFuwSl,christmas,"42 Wallaby Way, Sydney, Australia 13456",Simon,Watson,672
793,QYWezhzQqf@NEeHnmLKMe,YouWouldNotBelieveYour3y3s,"116 Allen Building, Durham, NC 27708",Adam,Crick,838
794,HRkPbFroCG@ypgwUNtvcw,happyhalloween,"450 Malibu St, Florida 21211",Ashley,Johansson,514
795,wqbVEEeugc@HMBgOkErqz,LeggoMyEggo?,"999 Greenrose Dr, Macomb, MI 48042",Sarah,Coleman,34
796,bpksvqmPcc@oOLVPvhSAY,LeggoMyEggo?,"8323 New Avenue, Derry, NH 03038",Alok,Holland,370
797,SlaMCObcVq@MgOAbuinrT,LeggoMyEggo?,"8323 New Avenue, Derry, NH 03038",Rohin,Khan,584
798,mmIUkqicnv@rMYjaJPHJj,christmas,"116 Allen Building, Durham, NC 27708",Alok,Coleman,593
799,daaRHfqsOW@HCaYfNZiZG,LeggoMyEggo?,"918 Pumpkin Hill Dr, Bensalem, PA 19020",Adam,Smith,480
800,dJiOEqBoUR@bStDEtcBST,iluv2eatic3,"918 Pumpkin Hill Dr, Bensalem, PA 19020",Simon,Coleman,163
801,cxJHHZfJzb@rmYujKWTLX,letmeinn,"8323 New Avenue, Derry, NH 03038",Alok,Smith,657
802,VsVPnEgrxc@jLWLgurTzE,LeggoMyEggo?,"42 Wallaby Way, Sydney, Australia 13456",Catherine,Jones,215
803,tahozheIqC@lorwAWyrTW,Boo!IamGhost,"42 Wallaby Way, Sydney, Australia 13456",Alok,Coleman,166
804,dOFNfbkQaY@FqVNYznYAf,DirtyDancing22,"65 Egg Roll Road, NY 11011",Rohin,Goldman,898
805,IscttqDTTt@SkAUzCjjKX,letmeinn,"116 Allen Building, Durham, NC 27708",Ogadimma,Crick,942
806,qqLCxUhDVd@kCEeZoKnSv,iluv2eatic3,"999 Greenrose Dr, Macomb, MI 48042",Sarah,Goldman,279
807,LLWOKPcJQF@kKhPfFDtan,LeggoMyEggo?,"65 Egg Roll Road, NY 11011",Ashley,Johansson,386
808,JInjCLrNyb@mjpTeOENcX,Boo!IamGhost,"65 Egg Roll Road, NY 11011",Adam,Smith,29
809,ydKazwmzev@RxXspNoPUG,LeggoMyEggo?,"65 Egg Roll Road, NY 11011",Mimi,Crick,664
810,vBQlYSRFxI@kePhtlmWpr,LeggoMyEggo?,"65 Egg Roll Road, NY 11011",Ogadimma,Holland,563
811,NFZvArHtRb@CpqxTIlDaq,DirtyDancing22,"918 Pumpkin Hill Dr, Bensalem, PA 19020",Adam,Smith,636
812,NRMtepsIeB@IIuhVxeqHq,iluv2eatic3,"55 Ice Cream Ave, New York, NY 11010",Ogadimma,Goldman,453
813,yALCCHBIpB@PzQDDRXLji,happyhalloween,"42 Wallaby Way, Sydney, Australia 13456",Mimi,Johnson,428
814,ONdQjhegqa@kfZwKQabwQ,LeggoMyEggo?,"999 Greenrose Dr, Macomb, MI 48042",Adam,Johnson,823
815,mWcNezRkev@FNjcqnMujI,letmeinn,"999 Greenrose Dr, Macomb, MI 48042",Sarah,Holland,387
816,fiNUgkEWhd@LDxVhNuzlJ,DirtyDancing22,"55 Ice Cream Ave, New York, NY 11010",Arthur,Smith,325
817,ajmKASCLGh@DvdSFlJEnt,happyhalloween,"450 Malibu St, Florida 21211",Arthur,Goldman,990
818,USpXXlLQkI@txAEYeqoZu,YouWouldNotBelieveYour3y3s,"55 Ice Cream Ave, New York, NY 11010",Simon,Jones,519
819,hNyJykiZaX@ysWhysqGTc,YesIamBen,"65 Egg Roll Road, NY 11011",Catherine,Goldman,966
820,pijVIcWdty@IfpBLgySCX,iluv2eatic3,"450 Malibu St, Florida 21211",Mimi,Smith,881
821,KvMXYgNKOx@ICBWKsYpSQ,YesIamBen,"999 Greenrose Dr, Macomb, MI 48042",Adam,Johnson,413
822,IkVBUUlvOT@jcbOZLNoEQ,Boo!IamGhost,"918 Pumpkin Hill Dr, Bensalem, PA 19020",Simon,Holland,960
823,LmEnyrjiIj@VbJiJEzCMu,YesIamBen,"450 Malibu St, Florida 21211",Sarah,Johnson,966
824,cLjkngzrwI@EDnztvDQhd,letmeinn,"116 Allen Building, Durham, NC 27708",Adam,Holland,931
825,GQJURidszj@KfjRrVtoWT,YouWouldNotBelieveYour3y3s,"116 Allen Building, Durham, NC 27708",Mimi,Johnson,914
826,blDRWqdZHL@WkHlQKwMOs,LeggoMyEggo?,"65 Egg Roll Road, NY 11011",Ashley,Watson,445
827,ByLCmqrxcC@eeLzQnVbxI,DirtyDancing22,"918 Pumpkin Hill Dr, Bensalem, PA 19020",Adam,Jones,531
828,cvmTfDsoio@mzbaoAbotp,LeggoMyEggo?,"55 Ice Cream Ave, New York, NY 11010",Arthur,Johnson,636
829,ghrYOLfeoM@AEFeJUFVIT,YouWouldNotBelieveYour3y3s,"8323 New Avenue, Derry, NH 03038",Arthur,Coleman,214
830,thtYinBREH@vRFyCBJmEw,christmas,"42 Wallaby Way, Sydney, Australia 13456",Ashley,Khan,9
831,GANslzfQhD@KOicJoTkzi,Grr12,"918 Pumpkin Hill Dr, Bensalem, PA 19020",Catherine,Coleman,199
832,xqcutxDfTS@amTiLKXlek,YouWouldNotBelieveYour3y3s,"116 Allen Building, Durham, NC 27708",Mimi,Smith,505
833,GLafuJLfWy@LUKVNuyxjD,Boo!IamGhost,"116 Allen Building, Durham, NC 27708",Alok,Smith,696
834,aogSisOewD@QQwFyGKdGb,YesIamBen,"42 Wallaby Way, Sydney, Australia 13456",Ogadimma,Smith,226
835,paBGgZtAsM@jefMWErXWW,YouWouldNotBelieveYour3y3s,"116 Allen Building, Durham, NC 27708",Ogadimma,Johnson,193
836,GTQZzKQZwQ@czDidcXbxf,iluv2eatic3,"65 Egg Roll Road, NY 11011",Sarah,Crick,562
837,XXwgHDncDE@BDtoHxHNIr,LeggoMyEggo?,"42 Wallaby Way, Sydney, Australia 13456",Alok,Johansson,230
838,fKEkOCzbiC@fUjJpNApwS,LeggoMyEggo?,"450 Malibu St, Florida 21211",Adam,Holland,135
839,AwrnBuPtBd@lacdOozVxx,christmas,"65 Egg Roll Road, NY 11011",Rohin,Johansson,573
840,TPBLWuZrmc@isIFXgzmLb,DirtyDancing22,"999 Greenrose Dr, Macomb, MI 48042",Ogadimma,Coleman,842
841,bbPdNvOwRn@AHblOxREsv,YesIamBen,"450 Malibu St, Florida 21211",Rohin,Holland,945
842,SJEaEeTrID@vlVIicEUUL,letmeinn,"55 Ice Cream Ave, New York, NY 11010",Rohin,Smith,372
843,kySvxBuzqf@SHvuNaWovG,YouWouldNotBelieveYour3y3s,"918 Pumpkin Hill Dr, Bensalem, PA 19020",Mimi,Jones,149
844,NYKNgbfJQq@KGTeIVkkqS,happyhalloween,"65 Egg Roll Road, NY 11011",Arthur,Johansson,836
845,nFVNNSusTO@VKXMhwjvQI,DirtyDancing22,"116 Allen Building, Durham, NC 27708",Simon,Watson,250
846,ykVBukHRND@qCNHlYvdAK,YesIamBen,"918 Pumpkin Hill Dr, Bensalem, PA 19020",Ogadimma,Johansson,635
847,IsctcWzrWA@IPtWQdveyR,happyhalloween,"65 Egg Roll Road, NY 11011",Catherine,Johnson,781
848,KoKbCgjbCW@twgCoLwgiz,letmeinn,"65 Egg Roll Road, NY 11011",Simon,Jones,916
849,FHIHmLIDnY@QjyDycNUlE,DirtyDancing22,"42 Wallaby Way, Sydney, Australia 13456",Ogadimma,Smith,58
850,rlFXrkwSMA@UaSaVZmcjV,iluv2eatic3,"65 Egg Roll Road, NY 11011",Sarah,Johnson,622
851,ouzLdNTWCc@ztxilTXGoV,DirtyDancing22,"918 Pumpkin Hill Dr, Bensalem, PA 19020",Alok,Goldman,907
852,opNAbheUYT@HKFBXsJAmq,letmeinn,"8323 New Avenue, Derry, NH 03038",Ogadimma,Jones,172
853,PuVevBRqIr@WklnwhQuhp,YesIamBen,"65 Egg Roll Road, NY 11011",Catherine,Smith,262
854,LioJzhAhhm@VicuSbKLGE,YesIamBen,"8323 New Avenue, Derry, NH 03038",Mimi,Johnson,891
855,EEwGzZTQPW@PdvbfghUCd,YesIamBen,"55 Ice Cream Ave, New York, NY 11010",Mimi,Johnson,352
856,oVobKhZiZc@goOAIpHDdh,iluv2eatic3,"116 Allen Building, Durham, NC 27708",Mimi,Crick,665
857,AuoGmtlZTc@ZdhHbQnHSM,happyhalloween,"999 Greenrose Dr, Macomb, MI 48042",Adam,Goldman,501
858,AbdmreUvKl@skJrMmVmEl,letmeinn,"450 Malibu St, Florida 21211",Ashley,Coleman,511
859,TQjKoVtjLM@ruCljuCbCJ,christmas,"55 Ice Cream Ave, New York, NY 11010",Ashley,Johnson,541
860,jeXgKeESgy@uRGbQXlyWv,iluv2eatic3,"450 Malibu St, Florida 21211",Rohin,Crick,677
861,XSVzuqXbNJ@msUSCnYqdO,YesIamBen,"116 Allen Building, Durham, NC 27708",Alok,Watson,797
862,EwLsVAkRXV@WqnpKXtPla,christmas,"116 Allen Building, Durham, NC 27708",Sarah,Khan,722
863,wPRFwhCmgI@ppJbDRxhRW,Boo!IamGhost,"42 Wallaby Way, Sydney, Australia 13456",Rohin,Holland,908
864,qLHuJJmfhe@zTWizCsAGp,YouWouldNotBelieveYour3y3s,"918 Pumpkin Hill Dr, Bensalem, PA 19020",Catherine,Jones,596
865,DRashExIYX@XNFBdMIslc,Boo!IamGhost,"65 Egg Roll Road, NY 11011",Catherine,Johnson,120
866,TnGUeaFDTs@sLEWFuSYEZ,Grr12,"55 Ice Cream Ave, New York, NY 11010",Simon,Johansson,166
867,UPvHaqYliL@EwaGXelskc,iluv2eatic3,"55 Ice Cream Ave, New York, NY 11010",Ogadimma,Khan,109
868,MQpddDvYIh@vyaFMzKHgQ,YesIamBen,"65 Egg Roll Road, NY 11011",Simon,Crick,185
869,XIoBqxePWh@gixBOaXRsL,YesIamBen,"55 Ice Cream Ave, New York, NY 11010",Alok,Smith,954
870,GJofiHZfLH@moFrKUuqCn,YouWouldNotBelieveYour3y3s,"42 Wallaby Way, Sydney, Australia 13456",Ogadimma,Jones,644
871,KRUVoSUfLd@MhveStHzMd,Boo!IamGhost,"8323 New Avenue, Derry, NH 03038",Catherine,Holland,694
872,TcKTFeCLVX@wnEVYDScMz,iluv2eatic3,"8323 New Avenue, Derry, NH 03038",Rohin,Coleman,117
873,AfEvxjcPVd@eZaOcJHnaB,happyhalloween,"999 Greenrose Dr, Macomb, MI 48042",Ogadimma,Jones,10
874,KyWKNFuQHS@OPPtAQaOFT,letmeinn,"55 Ice Cream Ave, New York, NY 11010",Mimi,Smith,114
875,BTWFGOIMzL@ESDAmqswvv,happyhalloween,"42 Wallaby Way, Sydney, Australia 13456",Alok,Johansson,805
876,TVidLqIfaq@EnOQKypuIt,iluv2eatic3,"65 Egg Roll Road, NY 11011",Alok,Jones,639
877,PmBXunyLjF@PvNCZJlgOu,happyhalloween,"116 Allen Building, Durham, NC 27708",Arthur,Goldman,242
878,sDkvuPPaoX@AAPbulxZBF,christmas,"42 Wallaby Way, Sydney, Australia 13456",Adam,Crick,348
879,aNpifWIRMl@dNQyGXGFwQ,letmeinn,"450 Malibu St, Florida 21211",Ogadimma,Johansson,306
880,RUUiRHwPZs@XJvVOOXBwp,christmas,"42 Wallaby Way, Sydney, Australia 13456",Adam,Watson,683
881,ZybDsTRARQ@UwlhZjxuAd,YesIamBen,"8323 New Avenue, Derry, NH 03038",Ashley,Jones,574
882,TdrYhkuDgn@aoEWnahliM,christmas,"918 Pumpkin Hill Dr, Bensalem, PA 19020",Catherine,Jones,908
883,ibKugnDRMk@EMIrlvZlbu,YesIamBen,"8323 New Avenue, Derry, NH 03038",Catherine,Smith,725
884,JltZmnpNpA@DArvLoUzrv,LeggoMyEggo?,"116 Allen Building, Durham, NC 27708",Arthur,Johnson,356
885,FqXPtvCbtR@SantHGlKwe,iluv2eatic3,"999 Greenrose Dr, Macomb, MI 48042",Rohin,Johnson,554
886,qhBzKFEnqm@IJIKmBBkFg,DirtyDancing22,"65 Egg Roll Road, NY 11011",Ogadimma,Goldman,959
887,lHaKUEGVVx@cZqNsAMzml,Boo!IamGhost,"918 Pumpkin Hill Dr, Bensalem, PA 19020",Adam,Johansson,51
888,zFezxOrEqT@jsALklVxdT,Grr12,"116 Allen Building, Durham, NC 27708",Alok,Johnson,553
889,QaBSziSStd@OCvnidpfKE,letmeinn,"55 Ice Cream Ave, New York, NY 11010",Mimi,Goldman,946
890,fDAVJxJoLv@GkzHVBvlhd,YesIamBen,"450 Malibu St, Florida 21211",Catherine,Holland,674
891,ztrBgRWlhK@CORrtQLkQG,Boo!IamGhost,"8323 New Avenue, Derry, NH 03038",Arthur,Smith,950
892,DAYUJQXPPo@hPYKUBQTaK,YouWouldNotBelieveYour3y3s,"65 Egg Roll Road, NY 11011",Ogadimma,Khan,782
893,cedoAyIpHJ@WvHkhfddVu,Grr12,"918 Pumpkin Hill Dr, Bensalem, PA 19020",Sarah,Johansson,522
894,KzzSmCQtzQ@qhHNzSYwtw,LeggoMyEggo?,"999 Greenrose Dr, Macomb, MI 48042",Adam,Khan,636
895,nhWdhNVxei@zQNqFfenaa,Boo!IamGhost,"42 Wallaby Way, Sydney, Australia 13456",Catherine,Khan,40
896,AxYnKSQHdN@fnwiabTgEl,christmas,"116 Allen Building, Durham, NC 27708",Ashley,Goldman,755
897,EWGeyBkGfM@AyuLORDJuG,christmas,"116 Allen Building, Durham, NC 27708",Catherine,Khan,704
898,ioflFMSIoq@NEbqToJttb,YouWouldNotBelieveYour3y3s,"8323 New Avenue, Derry, NH 03038",Mimi,Johansson,764
899,RNhoWXykfD@woUMhVrbcI,DirtyDancing22,"116 Allen Building, Durham, NC 27708",Rohin,Jones,239
900,PWmlSFUyGO@oXJOyuMuzy,iluv2eatic3,"116 Allen Building, Durham, NC 27708",Arthur,Coleman,855
901,FsHfpPJeKr@IGuUmGRCGq,iluv2eatic3,"55 Ice Cream Ave, New York, NY 11010",Simon,Johnson,99
902,DUxMbXcSlK@RtDZzBHjRy,Boo!IamGhost,"999 Greenrose Dr, Macomb, MI 48042",Rohin,Khan,135
903,WXlCtKEOvm@ihmAzWlKOh,iluv2eatic3,"918 Pumpkin Hill Dr, Bensalem, PA 19020",Alok,Jones,963
904,fcIEutwdWd@AOZlSsJiAz,Boo!IamGhost,"65 Egg Roll Road, NY 11011",Rohin,Goldman,103
905,sOjbSYpnqq@LsurxYQNgi,DirtyDancing22,"65 Egg Roll Road, NY 11011",Sarah,Crick,888
906,uLelGZaXNW@wxSRiePqZx,Boo!IamGhost,"55 Ice Cream Ave, New York, NY 11010",Mimi,Johansson,385
907,oeYKZsSdFF@NvhJPQPCEB,YesIamBen,"450 Malibu St, Florida 21211",Ogadimma,Watson,972
908,cWuutdXxgV@UYpNplZFvd,Grr12,"999 Greenrose Dr, Macomb, MI 48042",Sarah,Khan,52
909,jzVogaaXiI@GfXyWUXVAF,happyhalloween,"450 Malibu St, Florida 21211",Rohin,Jones,545
910,rHLySVTXzd@oSGYxTJfav,Grr12,"65 Egg Roll Road, NY 11011",Ogadimma,Watson,710
911,CtJIbmFljy@njNLUzfzxd,iluv2eatic3,"999 Greenrose Dr, Macomb, MI 48042",Sarah,Crick,359
912,vzMtKJzqdw@GBaLLKNDCO,Boo!IamGhost,"8323 New Avenue, Derry, NH 03038",Ashley,Khan,525
913,WgPhEaRWQV@nwYmTquyoh,LeggoMyEggo?,"116 Allen Building, Durham, NC 27708",Ogadimma,Watson,243
914,DdJSJknlpI@SmuIGKREPC,iluv2eatic3,"116 Allen Building, Durham, NC 27708",Sarah,Watson,867
915,PgWDTttLVD@KFkXnaXZuM,YesIamBen,"65 Egg Roll Road, NY 11011",Ogadimma,Johnson,26
916,gkZVSwWtXi@TZVpSHRFrJ,christmas,"8323 New Avenue, Derry, NH 03038",Rohin,Johnson,694
917,pPNqLrkSMD@TFHUwcYnXt,YouWouldNotBelieveYour3y3s,"65 Egg Roll Road, NY 11011",Simon,Watson,367
918,fJxvhNIbUf@QpRMLlsroq,Grr12,"918 Pumpkin Hill Dr, Bensalem, PA 19020",Simon,Smith,357
919,HRCKtVGGyS@EHEtquiPlz,Grr12,"55 Ice Cream Ave, New York, NY 11010",Simon,Goldman,998
920,MjGdzjHtHD@WlLhNlIfKy,YesIamBen,"918 Pumpkin Hill Dr, Bensalem, PA 19020",Arthur,Johnson,23
921,jmjzxzHCCu@rTmSEFWpck,Boo!IamGhost,"8323 New Avenue, Derry, NH 03038",Adam,Khan,955
922,MTXVXOTFAD@oIiLyDIvVc,iluv2eatic3,"116 Allen Building, Durham, NC 27708",Mimi,Holland,6
923,btSudVcmJn@RhHnSPCvNg,LeggoMyEggo?,"918 Pumpkin Hill Dr, Bensalem, PA 19020",Sarah,Goldman,659
924,yCEBrNXvSc@XeExnMdHyA,Grr12,"65 Egg Roll Road, NY 11011",Arthur,Watson,32
925,AtZHNwayAn@spRgipQwxw,letmeinn,"42 Wallaby Way, Sydney, Australia 13456",Simon,Johansson,941
926,oncanIizPj@UlEPvwMhcZ,LeggoMyEggo?,"999 Greenrose Dr, Macomb, MI 48042",Ashley,Johansson,841
927,bkqItZNHwJ@gHFFxNaAJC,iluv2eatic3,"55 Ice Cream Ave, New York, NY 11010",Mimi,Crick,497
928,ActdYLlhaq@EKKhjQuQLo,Grr12,"116 Allen Building, Durham, NC 27708",Ashley,Johnson,541
929,mxBPUsrihq@eqHEOgWSxT,Boo!IamGhost,"116 Allen Building, Durham, NC 27708",Catherine,Watson,23
930,uXiWIiisFD@wNepzmjOvc,happyhalloween,"918 Pumpkin Hill Dr, Bensalem, PA 19020",Ashley,Coleman,24
931,WsPwvhYrDZ@RoJizaAmkZ,LeggoMyEggo?,"8323 New Avenue, Derry, NH 03038",Simon,Johansson,899
932,lirjqXxJOW@oIAWuuTTxk,DirtyDancing22,"450 Malibu St, Florida 21211",Rohin,Holland,372
933,tBuvESKWWW@fAnUXkWRvF,YesIamBen,"116 Allen Building, Durham, NC 27708",Ashley,Coleman,459
934,iDUmVVoURV@odpBWVpEgG,LeggoMyEggo?,"918 Pumpkin Hill Dr, Bensalem, PA 19020",Simon,Watson,49
935,sUccAxlsnJ@tgcLOpOuDQ,Grr12,"116 Allen Building, Durham, NC 27708",Arthur,Watson,586
936,tqeEXkeILW@NbdNJyDbeF,Boo!IamGhost,"55 Ice Cream Ave, New York, NY 11010",Adam,Holland,631
937,DnfXhjeFIG@GBqNNLNYBU,Grr12,"116 Allen Building, Durham, NC 27708",Alok,Holland,815
938,YxNNWrtnts@khNnFfxdaE,YouWouldNotBelieveYour3y3s,"918 Pumpkin Hill Dr, Bensalem, PA 19020",Simon,Johnson,477
939,IqPhPEBVPX@pbCghoVlUr,letmeinn,"918 Pumpkin Hill Dr, Bensalem, PA 19020",Mimi,Khan,926
940,jCpjkTlNvO@MkkmBtnYWB,happyhalloween,"8323 New Avenue, Derry, NH 03038",Alok,Smith,883
941,hTvicASifr@utoCDkeKzE,letmeinn,"116 Allen Building, Durham, NC 27708",Adam,Coleman,121
942,KEZamFewGv@heqVWyvwFj,christmas,"116 Allen Building, Durham, NC 27708",Rohin,Khan,540
943,QWDevqnuhd@KPltCrOIyr,DirtyDancing22,"8323 New Avenue, Derry, NH 03038",Catherine,Johansson,454
944,zZIJHsMpOb@qDQUdMumae,iluv2eatic3,"918 Pumpkin Hill Dr, Bensalem, PA 19020",Alok,Johansson,813
945,cxJQNZfHPH@rhSGNncnNH,letmeinn,"918 Pumpkin Hill Dr, Bensalem, PA 19020",Rohin,Holland,185
946,UwHJyixUeP@CckDPiqgUO,YouWouldNotBelieveYour3y3s,"65 Egg Roll Road, NY 11011",Ogadimma,Jones,736
947,SRNcGVvPro@hVMJAIbEjZ,YesIamBen,"65 Egg Roll Road, NY 11011",Arthur,Coleman,591
948,azmJYYPmol@QvMmGJAvWp,YouWouldNotBelieveYour3y3s,"8323 New Avenue, Derry, NH 03038",Adam,Crick,136
949,BEqQjRTGkh@KOsrdIgrUw,christmas,"918 Pumpkin Hill Dr, Bensalem, PA 19020",Ogadimma,Smith,29
950,IekGHvYcpU@jyfgJBjrFb,Grr12,"8323 New Avenue, Derry, NH 03038",Catherine,Watson,651
951,FBZSXufxMN@ouvxhMKOvQ,christmas,"999 Greenrose Dr, Macomb, MI 48042",Arthur,Coleman,691
952,EHgleJAhIw@koNkXLNxiJ,happyhalloween,"65 Egg Roll Road, NY 11011",Ogadimma,Holland,888
953,XTWuiVAxwa@aZniiGJbWl,iluv2eatic3,"450 Malibu St, Florida 21211",Sarah,Smith,220
954,AfjhzfeWKz@EidJGASxGb,Grr12,"450 Malibu St, Florida 21211",Alok,Khan,373
955,oexEyiKQjT@MUztBbOWhI,LeggoMyEggo?,"999 Greenrose Dr, Macomb, MI 48042",Ogadimma,Holland,910
956,lQGutRPYjK@cPNxNkZMqt,YouWouldNotBelieveYour3y3s,"999 Greenrose Dr, Macomb, MI 48042",Alok,Coleman,19
957,KFCshqOBRV@WsjTBOphwb,letmeinn,"918 Pumpkin Hill Dr, Bensalem, PA 19020",Mimi,Watson,856
958,gJfYaVzDNv@lysghpXuHb,iluv2eatic3,"65 Egg Roll Road, NY 11011",Simon,Coleman,943
959,LIdIjmjNZa@FfTdfpkvoB,christmas,"116 Allen Building, Durham, NC 27708",Sarah,Goldman,301
960,lPbinwuyza@xjdgaSJbpC,letmeinn,"65 Egg Roll Road, NY 11011",Arthur,Coleman,617
961,LJjmdGqnxW@YurhrGMuHy,letmeinn,"8323 New Avenue, Derry, NH 03038",Mimi,Goldman,712
962,HSvZJWIUTp@fuoJuzAGgd,iluv2eatic3,"116 Allen Building, Durham, NC 27708",Catherine,Holland,978
963,mSPpAYUTnO@FGFczxQLEb,letmeinn,"918 Pumpkin Hill Dr, Bensalem, PA 19020",Adam,Khan,234
964,ZwuAHQYgpf@xMsdiNRHnQ,DirtyDancing22,"65 Egg Roll Road, NY 11011",Mimi,Johnson,570
965,yIuQyvbmSv@ydKjQohRaZ,Grr12,"116 Allen Building, Durham, NC 27708",Rohin,Holland,349
966,jriRzPzsZT@rdFnhiLuCe,Boo!IamGhost,"116 Allen Building, Durham, NC 27708",Arthur,Johnson,517
967,BKrAZMqsmt@XkyZbrCDKw,LeggoMyEggo?,"42 Wallaby Way, Sydney, Australia 13456",Rohin,Jones,332
968,UxDMWOVFGY@zWKEoCBlYY,christmas,"116 Allen Building, Durham, NC 27708",Sarah,Khan,687
969,ANvkseQJCP@imlFfIQOJh,LeggoMyEggo?,"450 Malibu St, Florida 21211",Simon,Jones,376
970,dzOllBMUYS@GlsTGMMIJg,YesIamBen,"999 Greenrose Dr, Macomb, MI 48042",Alok,Coleman,550
971,nbuFWqfUar@OyMrGSNprN,DirtyDancing22,"999 Greenrose Dr, Macomb, MI 48042",Adam,Crick,98
972,KlkXFqmXmp@rSIdCbqmJt,YouWouldNotBelieveYour3y3s,"999 Greenrose Dr, Macomb, MI 48042",Ashley,Holland,599
973,cPnehsHYEX@CtQDRUnWuW,YouWouldNotBelieveYour3y3s,"8323 New Avenue, Derry, NH 03038",Ashley,Goldman,424
974,gcJcTBmFrY@IdBdXPcofm,Boo!IamGhost,"55 Ice Cream Ave, New York, NY 11010",Simon,Jones,533
975,WCJIdbXrhv@TgqhWKGOZX,LeggoMyEggo?,"55 Ice Cream Ave, New York, NY 11010",Simon,Watson,639
976,jvskmoapTP@MnFgEBVbCb,iluv2eatic3,"116 Allen Building, Durham, NC 27708",Simon,Johnson,838
977,kjnGpUpKpp@JJrrqxYGpc,Boo!IamGhost,"450 Malibu St, Florida 21211",Rohin,Khan,657
978,ziemaWFZIW@SiDuGxWnSF,YouWouldNotBelieveYour3y3s,"999 Greenrose Dr, Macomb, MI 48042",Arthur,Watson,635
979,WrbZQWAlim@hCRddBgIUs,YesIamBen,"116 Allen Building, Durham, NC 27708",Simon,Johnson,948
980,EUEwdWSDPN@qyezXOdGIO,letmeinn,"918 Pumpkin Hill Dr, Bensalem, PA 19020",Alok,Smith,799
981,TLSzcUndLO@wXWkceiopU,letmeinn,"42 Wallaby Way, Sydney, Australia 13456",Mimi,Watson,889
982,urBYmuYdUw@VFEbyzeVLe,DirtyDancing22,"8323 New Avenue, Derry, NH 03038",Sarah,Crick,512
983,MzYtPmebOO@pkzmEzEUPu,christmas,"116 Allen Building, Durham, NC 27708",Simon,Jones,731
984,oURecqvxBA@RjLkZcDeHc,happyhalloween,"999 Greenrose Dr, Macomb, MI 48042",Ogadimma,Coleman,313
985,zwWoJamsLj@tqaxjJpJgT,Grr12,"65 Egg Roll Road, NY 11011",Adam,Johansson,289
986,KxSnSBnKRg@pAGEcrFhOL,happyhalloween,"450 Malibu St, Florida 21211",Adam,Jones,119
987,sZHCEVCSgx@ZziUYlElAP,letmeinn,"8323 New Avenue, Derry, NH 03038",Alok,Johnson,181
988,ysuUqgAXTy@YtOmPepprt,happyhalloween,"918 Pumpkin Hill Dr, Bensalem, PA 19020",Ashley,Jones,673
989,LCzxvgVwPg@uZMvKBvUFt,Boo!IamGhost,"918 Pumpkin Hill Dr, Bensalem, PA 19020",Arthur,Crick,405
990,pVPQXtUDvJ@ZFTsYCFBOx,YesIamBen,"55 Ice Cream Ave, New York, NY 11010",Arthur,Johansson,519
991,NHZsaWWaDs@AeqUNjKdvb,christmas,"918 Pumpkin Hill Dr, Bensalem, PA 19020",Alok,Watson,300
992,WApkBLGqcf@phnZujUIIL,Grr12,"65 Egg Roll Road, NY 11011",Adam,Johansson,334
993,CYJwUDgLSN@txJRBkRXXf,DirtyDancing22,"65 Egg Roll Road, NY 11011",Ashley,Johansson,626
994,TeRmvNGmnm@LNqnbEKArc,YouWouldNotBelieveYour3y3s,"116 Allen Building, Durham, NC 27708",Mimi,Crick,80
995,qFeaMaqeLH@LFzLHnoCvR,LeggoMyEggo?,"8323 New Avenue, Derry, NH 03038",Catherine,Watson,99
996,GzkmPAjmKo@NNSnreSGQp,Grr12,"918 Pumpkin Hill Dr, Bensalem, PA 19020",Adam,Watson,538
997,OfqqOjGJhn@mUehhlOGjq,happyhalloween,"450 Malibu St, Florida 21211",Adam,Jones,253
998,nFTCdHtSCB@zabgUbVunc,letmeinn,"8323 New Avenue, Derry, NH 03038",Mimi,Watson,349
999,BbJcVWGgvJ@WijqHneRlE,YouWouldNotBelieveYour3y3s,"55 Ice Cream Ave, New York, NY 11010",Adam,Holland,538
1000,ashley.lo665@gmail.com,password,"8323 New Avenue, Derry, NH 03038",Mimi,Smith,147
